# first id	second id	count
6	4	22539
4	1	13375
25	27	13366
5	1	10804
7	8	9752
53	0	9696
60	79	9446
85	60	9302
3	0	8040
19	1	7975
2	1	6463
137	102	6365
3	10	6142
7	48	5551
6	25	5380
179	12	5376
3	8	4554
7	30	4488
202	201	4477
211	202	4476
14	85	4430
7	12	4424
10	1	4199
80	25	4146
84	3	4113
18	21	4082
96	11	4034
18	0	3893
139	11	3887
7	62	3841
10	8	3824
15	1	3685
82	15	3616
16	28	3601
3	21	3579
114	51	3551
16	149	3536
44	28	3533
1	24	3452
0	96	3434
39	50	3432
110	47	3312
1	182	3296
35	1	3261
26	29	3257
8	21	3235
4	32	3210
18	272	3109
108	3	3087
7	73	3066
0	24	3049
66	150	2973
98	226	2921
5	61	2885
379	135	2805
2	5	2804
12	0	2802
8	5	2796
32	37	2761
6	37	2721
44	105	2626
41	3	2588
9	0	2585
40	5	2563
13	1	2548
4	31	2526
41	9	2523
44	130	2522
24	204	2488
9	10	2455
178	372	2454
104	319	2411
68	111	2387
2	10	2385
28	1	2351
7	46	2325
3	39	2322
0	139	2296
34	5	2280
16	13	2250
4	479	2244
98	332	2210
195	8	2192
8	13	2181
443	51	2166
24	51	2164
36	1	2146
121	47	2140
13	5	2117
8	3	2117
38	10	2112
14	5	2080
3	18	2077
140	27	2055
3	30	2054
4	129	2047
95	36	2046
294	25	2042
0	112	2025
35	8	2013
266	457	2004
10	220	1998
32	125	1977
44	477	1967
74	41	1957
103	11	1954
6	20	1936
21	24	1936
387	44	1930
63	143	1929
1	205	1920
4	172	1903
5	529	1890
22	9	1890
6	32	1866
22	3	1855
34	0	1851
9	5	1849
65	1	1845
13	53	1839
14	18	1838
4	20	1837
1	244	1791
3	88	1781
591	555	1775
4	41	1774
8	106	1765
4	22	1762
228	218	1762
3	43	1754
101	86	1752
554	196	1729
1	131	1728
9	77	1703
542	48	1696
1	327	1692
0	1	1688
112	15	1680
504	4	1679
49	438	1677
186	34	1668
0	309	1665
58	97	1652
57	68	1652
73	0	1644
13	43	1639
7	126	1631
75	174	1621
1	75	1616
124	211	1616
16	29	1591
445	26	1589
44	239	1584
508	11	1581
46	0	1578
1	404	1570
2	8	1561
313	10	1557
30	0	1543
70	16	1542
0	361	1535
29	1	1531
3	24	1527
6	49	1523
8	188	1500
56	10	1499
60	11	1495
217	1	1486
1	120	1481
256	13	1476
21	13	1476
7	38	1473
2	0	1470
100	1	1469
7	32	1469
659	16	1458
0	65	1451
1	295	1448
307	116	1446
361	11	1441
33	5	1435
38	5	1435
51	6	1427
8	131	1427
543	11	1406
1	81	1401
40	21	1398
123	1	1398
7	56	1395
0	247	1391
9	95	1370
128	0	1365
3	50	1365
0	5	1364
388	10	1362
26	17	1359
26	145	1358
287	214	1355
34	8	1348
304	13	1346
0	53	1346
17	40	1344
38	21	1335
21	5	1331
77	1	1327
112	11	1327
17	0	1323
109	55	1318
57	138	1315
3	13	1314
5	345	1314
1	188	1313
5	543	1312
9	92	1311
489	822	1302
11	10	1300
42	609	1299
42	533	1292
5	8	1291
7	87	1290
0	114	1286
0	10	1285
16	36	1282
34	156	1280
30	13	1278
0	75	1277
4	49	1273
14	1	1273
36	635	1266
53	70	1258
0	68	1257
235	37	1253
106	434	1253
9	33	1252
47	11	1243
529	11	1242
56	464	1241
42	677	1237
3	62	1232
1	407	1231
0	115	1230
42	708	1226
440	34	1223
684	249	1222
170	1	1220
22	20	1220
42	349	1219
0	245	1219
236	3	1216
271	486	1215
114	5	1214
42	658	1213
141	1	1212
42	734	1203
0	34	1203
1	242	1202
0	101	1202
14	141	1201
234	751	1197
6	129	1197
8	229	1197
29	8	1196
11	8	1195
13	18	1192
30	5	1191
42	717	1189
20	9	1188
3	46	1187
630	9	1187
58	8	1184
0	81	1180
19	32	1177
21	89	1177
309	11	1176
312	30	1174
0	54	1173
24	147	1150
22	47	1143
224	258	1142
38	13	1142
22	25	1139
121	11	1138
8	18	1138
6	199	1137
20	74	1133
255	221	1133
32	276	1130
40	10	1129
263	83	1121
4	184	1117
42	703	1116
16	17	1110
81	104	1103
62	0	1100
292	13	1098
75	65	1097
40	18	1094
42	723	1093
8	925	1090
8	163	1087
562	257	1086
18	877	1084
4	716	1083
0	103	1083
42	787	1072
436	810	1069
159	8	1068
31	160	1068
0	152	1066
6	294	1064
3	6	1062
360	142	1058
23	53	1058
9	39	1058
6	44	1054
15	932	1053
1	169	1050
10	122	1049
18	416	1049
105	9	1048
1	183	1046
176	460	1045
8	124	1044
57	631	1043
10	64	1035
234	790	1033
70	26	1031
113	26	1027
31	33	1027
167	90	1025
4	212	1024
265	689	1022
4	318	1021
10	140	1021
5	86	1017
56	979	1011
42	795	1008
0	120	1005
30	21	1003
4	261	1002
136	55	1000
10	69	1000
451	211	996
236	41	993
13	24	993
18	580	992
8	43	991
5	190	990
28	9	990
140	743	990
165	15	988
13	21	984
9	13	981
0	82	978
11	159	975
4	299	973
49	706	973
0	26	971
5	117	970
80	20	968
31	5	966
29	41	964
19	56	962
31	92	962
498	4	955
134	41	954
8	530	952
4	199	950
57	5	948
43	24	946
8	128	945
627	29	944
17	38	944
0	267	942
91	71	941
3	12	940
122	9	940
130	9	939
46	18	935
68	392	935
10	209	933
10	613	933
5	67	928
140	254	927
57	187	925
6	582	925
49	398	922
24	897	921
51	14	919
449	71	915
979	37	915
18	11	914
0	16	911
0	63	911
41	31	907
8	0	905
1	106	903
86	11	901
3	73	898
432	101	898
246	235	896
0	90	895
45	40	891
10	967	888
582	32	888
44	330	887
392	51	887
6	817	886
90	99	881
583	26	880
293	9	879
23	89	878
81	334	875
6	158	874
830	25	874
75	34	871
130	1	866
38	40	866
10	876	865
168	523	863
328	185	862
468	26	862
120	4	861
22	19	860
267	0	860
246	1001	858
117	9	858
602	44	857
21	39	856
515	218	855
18	43	853
393	4	853
95	458	852
14	0	851
49	825	850
24	275	850
14	127	849
0	222	848
0	451	848
99	9	847
22	215	847
30	18	844
228	72	843
157	71	842
21	53	838
26	149	837
570	52	836
16	14	835
116	1146	833
17	8	833
7	58	828
1	729	827
80	42	827
94	11	826
7	64	826
305	412	824
14	382	821
107	71	818
16	4	816
14	12	815
24	84	814
1	101	813
2	32	813
22	4	812
21	10	811
9	21	810
240	83	810
23	34	809
64	3	809
158	469	804
1	370	804
36	107	804
375	34	803
4	146	801
452	16	801
5	598	801
30	46	800
168	7	799
37	0	795
15	32	795
46	13	794
15	8	793
38	18	792
253	1159	791
530	47	789
11	1	784
16	105	784
0	406	784
22	6	783
11	13	780
1040	1144	778
52	8	778
770	83	777
163	3	774
7	137	771
0	166	770
383	117	768
32	66	767
48	98	762
118	139	761
63	90	759
895	11	758
330	32	756
25	1173	756
64	83	755
3	38	753
265	397	751
175	17	750
4	171	749
15	28	749
342	502	748
401	41	748
4	168	745
1	671	744
9	11	744
84	22	744
0	70	743
318	470	743
186	139	738
0	165	738
848	767	738
7	37	738
25	1232	737
7	50	736
223	172	736
126	0	735
2	61	735
1	485	734
3	114	734
24	0	734
535	9	732
716	10	732
0	183	732
721	54	729
603	29	728
9	17	728
23	24	726
6	296	726
435	451	725
150	72	725
50	0	724
3	53	723
205	85	722
132	257	721
14	352	720
826	33	720
102	144	719
69	9	718
40	78	717
38	0	716
0	508	715
317	264	714
4	894	713
113	4	713
69	22	713
13	89	713
2	12	712
0	238	711
7	116	711
13	39	710
19	124	710
0	121	710
22	162	710
11	5	709
6	1018	709
210	0	709
483	37	709
18	165	708
44	744	707
101	1284	707
71	198	707
705	228	705
38	39	705
92	11	703
15	134	703
481	41	702
25	824	701
1	443	700
59	1	700
17	5	700
47	3	699
241	4	699
116	764	696
151	22	696
1	346	694
218	135	694
17	1	694
456	55	693
80	554	692
436	15	692
12	376	692
340	0	691
205	277	691
28	287	691
49	1054	690
3	75	689
167	5	688
151	44	688
106	176	688
12	11	688
1	386	687
46	5	686
2	18	686
8	447	686
25	1241	684
674	1276	684
0	563	683
9	40	682
120	15	681
5	426	681
247	11	680
302	5	680
11	38	678
33	1	677
9	54	677
56	1090	677
314	460	674
271	1	674
957	15	673
0	169	673
61	10	672
1	316	671
896	14	669
48	0	666
43	5	666
1	53	663
402	137	663
30	43	663
158	3	662
44	114	660
212	9	658
174	29	658
25	1355	658
884	941	658
1	425	657
339	9	657
89	29	657
180	1	657
0	274	657
1	221	652
16	284	652
7	253	652
20	26	649
38	77	649
0	310	648
1	157	647
43	50	647
177	1385	646
1	112	644
3	192	644
29	25	642
336	25	642
5	66	642
64	93	641
589	32	640
507	662	639
193	38	639
673	68	638
6	5	638
83	6	638
56	415	636
430	25	636
97	7	635
31	0	635
6	467	634
15	466	634
0	421	633
9	18	631
83	3	631
531	977	630
843	11	630
2	24	628
540	11	628
21	127	626
1138	28	624
221	14	623
5	64	623
406	11	623
93	47	622
460	14	622
1	808	621
573	381	619
10	357	616
322	54	615
45	1	613
0	641	610
340	5	609
277	179	609
1	474	608
231	68	607
63	1461	605
17	11	605
0	89	604
0	113	603
48	6	601
6	207	601
1181	10	601
7	178	601
8	456	601
50	373	600
457	1	600
111	35	598
41	251	598
8	740	598
204	16	597
43	13	597
177	245	597
62	5	596
6	448	595
33	11	594
29	137	592
0	192	592
44	4	591
2	75	591
6	330	589
955	28	589
1	89	587
481	36	586
23	538	585
232	26	584
380	20	583
232	34	582
32	473	581
556	25	580
69	7	580
108	9	580
40	39	579
1	216	577
273	49	577
0	363	577
74	13	577
433	1233	575
876	25	575
481	142	575
1461	230	575
13	75	573
117	713	573
41	469	573
1	401	572
29	16	572
290	103	572
5	299	572
194	44	569
298	1	569
89	8	568
738	11	568
16	0	568
138	22	568
37	2	566
363	1	565
63	68	565
400	49	565
7	476	565
51	16	565
98	1488	564
83	0	564
5	1211	563
21	210	563
389	103	563
10	606	562
4	42	561
72	0	561
502	256	561
954	9	561
101	16	560
6	42	559
409	1	559
155	1	558
18	39	558
91	219	557
6	171	556
200	386	556
162	50	556
17	6	556
6	18	555
10	143	554
10	380	554
25	1304	554
13	103	554
1	884	553
9	94	553
12	800	552
82	26	551
1141	605	551
93	3	550
3	232	549
26	28	549
33	18	548
4	190	547
448	179	547
25	1506	547
27	150	547
6	586	547
1005	11	547
51	4	547
17	18	546
45	54	546
713	13	545
8	553	545
50	18	544
6	587	544
8	221	544
1	361	543
56	1368	543
22	158	543
39	973	542
80	41	541
136	208	541
1171	13	541
40	43	540
1067	618	540
8	66	540
1585	307	540
6	184	538
112	48	538
68	35	538
1	463	537
415	1525	537
5	1530	537
359	3	537
1	802	536
260	91	536
8	88	536
334	1031	535
17	30	535
1	285	534
40	13	534
24	97	534
7	483	534
136	162	533
2	21	533
62	13	533
8	251	532
424	10	531
119	1270	531
12	103	531
116	936	530
100	8	530
0	656	530
23	157	529
78	38	529
5	212	528
5	155	528
668	82	528
23	115	527
345	11	527
245	11	526
61	437	526
18	340	526
486	940	526
8	6	526
83	47	525
70	270	525
715	262	525
1	1120	524
4	778	524
2	88	524
18	152	524
132	8	523
7	225	523
1	241	522
33	23	522
10	18	522
116	157	521
3	11	521
670	1336	521
62	21	521
280	205	519
1008	107	519
75	600	519
654	3	519
268	0	518
519	1069	518
6	15	517
183	1	517
0	104	516
95	539	516
426	288	513
8	40	512
1	863	511
2	58	511
107	142	511
174	137	510
36	1008	510
309	1582	510
434	1620	510
1	874	509
58	449	509
6	1126	509
458	1	509
338	74	509
15	61	508
193	11	508
4	179	507
152	5	507
3	1	507
1	480	506
360	15	506
272	5	506
538	11	505
75	1	505
164	3	505
1521	273	505
49	1258	504
350	125	504
146	9	503
1	1152	503
65	61	503
32	399	503
8	204	503
81	82	502
582	179	502
7	125	501
17	10	501
2	53	500
39	24	499
109	9	499
6	554	498
167	143	497
73	5	497
17	46	497
1	166	496
44	134	496
52	58	495
517	293	495
147	5	495
33	12	494
272	0	494
1	243	493
694	282	493
15	359	492
693	5	492
88	5	491
1	993	490
10	151	490
3	64	489
6	74	489
290	5	489
95	5	489
1	1095	487
9	6	487
111	6	487
28	261	487
10	158	486
17	3	486
93	0	485
16	9	485
5	371	485
89	765	484
5	124	484
1	591	483
12	511	483
1	559	482
49	1387	482
23	120	482
1	611	481
0	285	481
177	628	480
4	191	479
139	15	479
0	495	479
24	36	478
1	820	477
120	52	477
0	160	477
171	7	477
41	69	477
74	9	476
338	9	476
23	75	475
1	245	474
2	197	474
375	286	474
111	4	474
244	230	474
255	71	473
61	421	473
715	494	473
34	165	472
176	224	471
1	597	470
49	1331	470
7	524	470
1711	1673	469
0	11	469
0	6	469
62	18	469
149	581	468
101	26	468
3	48	468
8	24	468
100	105	467
3	433	466
247	8	466
1	127	465
138	111	465
111	7	464
32	9	464
26	65	464
8	127	464
4	574	463
673	57	463
24	16	463
96	123	463
15	12	463
61	1455	463
26	373	463
48	10	462
875	15	462
417	34	462
30	40	462
583	16	461
46	152	460
36	142	460
0	14	460
164	47	460
124	1110	459
252	1	459
49	1448	458
47	13	458
64	136	457
59	86	456
13	25	456
519	1485	456
125	0	455
57	1011	455
208	9	455
198	423	455
187	22	455
1349	10	454
192	8	454
366	0	454
77	8	453
13	310	452
133	287	452
5	667	452
68	1635	452
24	501	451
777	16	451
3	126	450
14	8	450
273	71	450
325	36	450
336	294	449
358	797	449
18	1481	449
1	396	448
258	85	448
33	43	447
182	277	447
1	139	446
17	13	446
1	756	445
0	92	445
837	13	445
722	11	444
307	936	443
116	480	442
46	118	442
55	1545	442
10	84	442
4	642	441
10	331	441
1	383	440
4	326	440
23	169	440
331	19	440
49	1398	439
3	128	439
412	55	439
563	120	439
167	392	438
4	25	438
108	8	438
8	184	438
49	1541	437
280	7	437
115	6	437
796	248	437
22	35	437
1	328	436
134	1	436
376	19	436
1219	753	436
56	824	436
49	1328	435
46	60	435
10	536	435
109	3	435
188	29	434
373	11	434
1172	28	434
6	130	433
5	227	433
63	9	433
397	1	433
520	9	432
209	590	432
5	478	432
22	7	432
350	144	430
650	162	430
1227	0	429
5	6	428
10	32	427
23	409	427
159	5	427
10	621	426
0	443	426
1	731	425
4	214	425
3	112	425
213	16	425
0	221	425
18	156	425
206	48	424
6	337	424
10	208	423
92	45	422
1488	3	422
133	179	422
18	643	422
3	186	421
12	5	421
488	22	420
91	747	420
943	669	420
1	896	419
77	122	419
39	127	419
698	833	419
95	18	419
32	1202	419
8	10	419
1	435	418
1	1220	418
53	1247	418
47	17	418
144	1813	417
0	397	417
32	387	417
17	31	417
67	8	416
102	3	416
299	31	416
132	7	415
33	0	415
103	1	415
5	84	415
147	156	415
8	216	415
1	1205	414
46	40	414
1080	11	414
2	89	414
19	37	414
83	726	414
51	80	414
152	531	413
174	65	413
1275	805	413
18	60	413
88	24	412
1544	515	412
694	104	412
1233	240	412
7	246	412
39	81	411
7	98	411
1	266	410
47	6	410
0	432	410
51	29	410
110	55	409
22	0	409
843	364	409
1	700	408
1	595	408
456	1	408
1082	415	408
8	75	408
567	1821	408
33	6	407
531	668	407
282	441	407
915	25	407
1	368	406
551	7	406
310	1646	406
50	152	406
82	1869	406
201	15	406
3	340	406
24	470	406
115	52	406
273	154	406
904	1035	406
6	191	406
30	1883	406
1324	310	406
8	120	406
71	37	405
16	24	405
413	132	405
373	413	405
21	70	405
20	694	404
13	222	404
0	232	404
441	1544	404
149	32	403
1	18	403
788	1	403
63	1445	403
1	267	402
13	124	402
31	40	402
305	52	402
8	820	402
323	1	401
1101	583	401
8	541	401
1560	37	400
1	502	400
4	499	400
10	56	400
254	7	400
680	800	400
13	112	400
178	1082	400
603	16	399
3	89	399
66	532	399
91	121	399
55	6	398
8	242	398
4	177	397
1480	604	397
281	20	397
232	105	397
19	116	397
718	7	397
5	857	397
690	16	396
96	15	396
924	9	396
1	923	395
80	950	395
498	149	395
8	474	395
759	243	394
197	229	394
5	1483	394
3	241	393
13	117	393
17	21	393
384	567	392
72	47	392
8	186	392
4	122	391
49	1604	391
10	117	391
10	1186	391
455	20	391
283	34	390
4	48	390
801	64	390
1850	61	390
506	67	390
118	588	390
89	34	389
76	18	389
0	15	389
32	534	389
5	231	389
228	773	389
647	1589	389
490	5	389
698	501	388
6	830	388
197	1050	388
22	59	388
317	257	387
348	728	387
29	296	387
3	68	387
942	1598	387
1036	11	387
241	184	387
21	96	387
3	141	386
133	280	386
419	10	386
758	766	386
378	70	385
120	384	384
82	177	384
91	15	384
5	569	384
116	666	383
221	7	383
272	377	383
2	219	383
13	192	383
0	2	383
225	37	383
7	235	383
17	12	383
1	690	382
865	71	382
389	121	382
10	58	381
180	0	381
0	147	381
18	373	381
22	42	381
1	113	380
1	140	380
80	294	380
754	616	380
192	5	380
18	1081	380
147	8	380
36	1042	379
0	864	379
3	4	377
163	83	377
2	132	377
0	628	377
12	13	377
17	62	377
34	167	377
5	122	376
187	4	376
147	0	376
8	53	376
3	56	375
0	127	375
209	58	375
17	4	375
417	1	374
23	383	374
3	375	374
121	15	374
135	0	374
1085	13	373
5	311	373
314	674	373
540	15	373
8	59	373
36	260	372
0	1155	372
5	793	372
21	114	372
78	1	371
26	9	371
28	8	371
261	461	371
679	1956	370
23	70	370
17	95	370
1	3	369
1	432	369
1	1125	369
186	165	369
2	755	369
1293	17	369
21	16	369
21	192	369
37	5	367
1	440	367
46	128	367
1773	550	367
81	34	367
1638	238	367
632	99	367
1	222	366
203	111	366
925	116	366
78	8	366
257	7	366
61	1056	366
226	0	366
17	39	366
8	249	366
1	1182	365
2	49	365
5	132	365
5	882	365
10	265	364
260	15	364
7	135	364
8	65	364
6	100	363
12	18	363
34	597	363
1	433	362
13	0	362
782	256	362
0	845	362
102	6	362
187	111	362
4	1230	361
14	1138	361
11	62	361
119	1306	361
63	175	361
51	10	361
82	105	360
52	12	360
175	8	360
204	1079	360
16	106	360
87	316	359
3	213	359
15	158	359
64	264	359
5	985	359
81	1524	358
57	186	358
21	75	358
428	7	358
1	755	357
4	56	357
49	1200	357
437	4	357
101	328	357
10	1060	357
36	200	357
628	11	357
1175	15	357
80	430	356
310	8	356
2	6	356
180	5	356
26	1411	356
301	32	356
1103	85	356
10	1970	355
626	104	355
51	65	355
1	397	354
93	20	354
57	945	354
859	329	354
19	1837	354
1	70	353
4	234	353
4	803	353
6	413	353
415	1974	353
691	1124	353
141	84	352
2	697	352
95	8	352
63	537	352
45	8	352
1	1169	351
10	1287	351
124	9	351
3	304	351
3	333	351
15	58	351
8	243	351
82	65	350
10	132	350
93	72	350
95	30	350
621	550	350
515	72	350
1187	1742	349
4	151	348
49	1759	348
17	43	348
1	60	347
19	61	347
0	17	347
35	64	347
61	18	346
1974	372	346
587	20	345
0	136	345
286	32	345
28	796	345
1734	273	345
15	55	344
183	51	344
1	783	343
23	391	343
3	292	343
470	1399	343
166	173	343
56	2073	343
83	9	343
63	187	343
58	7	342
50	21	342
26	52	342
28	117	342
1	1591	341
4	623	341
191	706	341
1	999	340
342	648	340
303	9	340
23	192	340
122	3	340
10	87	339
0	417	339
1	614	338
1	5	338
65	84	338
333	34	338
166	259	338
91	1163	338
515	773	338
210	282	338
238	52	337
254	50	337
0	425	337
5	362	337
21	115	337
251	47	336
311	52	336
595	168	336
419	99	336
5	56	336
7	379	336
12	1123	336
1	409	335
224	85	335
13	115	335
455	25	335
75	299	335
197	273	335
21	375	335
128	165	334
29	231	334
1476	26	334
6	13	334
15	84	334
370	124	334
772	575	334
106	6	334
652	86	334
1111	491	334
52	1	333
6	136	333
0	401	333
9	114	332
816	710	332
496	66	332
162	12	332
362	203	331
141	104	331
2	43	331
1	879	330
57	652	330
11	0	330
801	512	330
5	487	330
5	51	330
422	1	329
4	308	329
175	11	329
2	87	329
6	105	329
112	65	329
15	117	329
22	338	329
2125	47	329
7	324	329
177	1982	329
48	8	328
2	27	328
104	1259	328
5	869	328
434	258	328
1262	49	328
342	157	327
60	735	327
59	190	327
1071	34	327
31	10	327
1284	28	327
49	1720	326
246	256	326
2001	50	326
304	16	326
6	281	326
488	2009	326
5	91	326
224	1351	325
3	393	325
18	24	325
446	7	325
845	29	325
139	94	324
111	22	324
56	1977	324
522	214	324
177	267	324
1	270	323
315	277	323
130	1836	323
0	271	323
118	1382	323
414	9	323
1	629	322
4	369	322
50	1033	322
9	16	322
8	346	322
8	475	322
116	692	321
733	9	321
60	15	321
59	61	321
79	224	321
333	1	321
15	25	321
431	5	320
380	6	320
38	313	320
177	1184	320
8	34	320
23	10	319
14	4	319
615	20	319
1564	13	319
665	54	319
8	274	319
1	981	318
165	47	318
23	368	318
518	97	318
245	91	318
22	23	318
1	417	317
1108	289	317
489	418	317
5	944	317
4	206	316
36	244	316
36	177	316
72	3	316
6	196	316
107	198	316
5	172	316
214	616	316
552	203	315
98	544	315
3	127	315
32	910	315
549	232	315
1	626	314
365	2194	314
0	1648	314
78	18	314
149	934	313
1	1210	313
141	770	313
281	42	313
205	315	313
63	437	313
4	335	312
517	9	312
30	109	312
122	22	312
10	1566	311
0	140	311
32	513	311
8	588	311
49	1809	310
465	107	310
720	341	310
8	1140	310
90	763	309
76	83	309
11	73	309
107	1406	309
41	5	309
172	455	309
46	21	308
136	1315	308
1203	10	308
16	815	308
95	698	308
8	1043	308
234	570	307
587	338	307
36	3	307
200	651	307
302	0	307
4	442	306
23	266	306
140	9	306
1	563	305
73	18	305
14	1795	305
129	9	305
9	24	305
4	297	304
191	207	304
48	4	304
246	249	304
36	258	304
11	12	304
517	44	304
0	373	304
8	15	304
279	273	303
10	1093	303
43	10	303
9	1039	303
593	783	303
1	1157	302
1	459	302
76	95	302
877	5	302
1580	55	302
21	333	302
574	462	301
55	0	301
297	7	301
603	113	301
36	546	301
119	566	301
1953	739	301
173	584	301
7	644	301
96	0	300
1627	49	300
167	537	299
1	378	299
1	1708	299
142	741	299
1805	496	299
24	6	299
24	15	299
2	157	299
0	76	299
26	106	299
70	91	299
7	446	299
1	103	298
116	91	298
517	786	298
0	131	298
286	1	298
676	305	298
876	20	298
38	302	298
118	304	298
20	339	297
920	134	297
255	130	297
104	1078	297
279	268	296
822	85	296
234	1040	296
42	74	296
50	5	296
476	0	296
13	9	296
31	8	296
0	91	296
75	548	296
30	88	296
8	109	296
49	2014	295
737	226	295
10	350	295
93	6	295
3	298	295
78	12	295
5	177	295
549	1617	295
84	1145	295
1	1104	294
928	951	294
90	860	294
69	909	294
258	224	294
4	58	293
191	438	293
67	150	293
10	7	293
59	552	293
66	1	293
16	32	293
178	2274	293
393	184	293
21	722	293
611	1224	292
1	732	292
114	124	292
165	123	292
36	608	292
39	268	292
0	395	292
5	168	292
55	9	291
10	654	291
3	431	291
72	6	291
2	23	291
182	315	291
127	23	291
1	1255	290
416	43	290
346	211	290
16	115	290
2	137	290
497	61	290
15	44	290
810	47	290
12	891	290
8	388	290
87	9	289
23	112	289
31	17	289
641	558	289
430	1684	289
1	1037	288
165	48	288
3	26	288
475	5	288
0	67	288
17	73	288
4	1091	287
3	187	287
9	313	287
9	30	287
810	1039	287
70	1	287
162	31	287
8	453	287
33	302	286
43	401	286
13	114	286
0	452	286
56	1799	286
691	228	286
800	1298	286
4	262	285
23	267	285
3	271	285
0	270	285
5	385	285
30	6	285
8	1245	285
97	6	284
1648	11	284
280	106	284
378	0	284
29	402	284
0	331	284
22	57	284
941	19	284
320	335	284
1	1116	283
1	508	283
365	2101	283
16	493	283
9	8	283
166	1	283
63	632	283
258	14	283
1	274	282
911	11	282
47	0	282
2	235	282
6	758	282
164	0	282
30	128	282
12	181	282
35	20	282
1	96	281
537	11	281
588	374	281
24	405	281
699	257	281
0	51	281
5	262	281
1	391	280
116	97	280
82	10	280
20	69	280
2	128	280
9	23	280
91	7	280
12	1804	280
1	332	279
44	1569	279
33	21	279
136	41	279
23	283	279
36	938	279
159	38	279
11	48	279
2	117	279
1262	308	279
8	485	279
38	6	278
332	11	278
49	1863	277
608	7	277
1862	13	277
13	55	277
290	18	277
1237	1	277
68	22	277
745	206	276
587	42	276
16	120	276
0	978	276
0	777	276
32	3	276
991	264	276
75	91	276
562	264	276
22	16	276
21	169	276
320	71	276
34	30	276
80	281	275
4	1415	275
77	84	275
55	4	275
23	518	275
204	36	275
31	26	275
1	1099	274
80	338	274
49	1859	274
10	5	274
175	38	274
1115	833	274
0	1074	274
22	58	274
767	29	274
21	232	274
8	166	274
116	289	273
203	99	273
1312	571	273
1055	0	273
56	2117	273
1	538	272
10	450	272
89	767	272
510	34	272
6	379	272
589	49	272
1	26	271
10	25	271
3	58	271
39	75	271
273	365	271
108	31	271
1342	273	271
1	51	270
14	58	270
351	22	270
213	21	270
1350	148	270
121	28	270
0	286	270
549	11	270
1	843	269
116	461	269
101	25	269
249	7	269
290	10	269
30	10	269
28	58	269
361	7	269
17	2	269
1	1783	268
48	16	268
50	6	268
20	17	268
10	426	268
538	0	268
18	617	268
63	749	268
226	86	268
241	7	268
8	4	268
126	5	267
2	141	267
15	137	267
649	7	267
950	9	267
142	9	266
23	210	266
2	1149	266
0	333	266
511	135	266
208	19	266
318	9	266
63	1024	266
319	224	266
12	44	266
12	1132	266
21	106	266
84	109	266
58	834	265
346	774	265
1382	11	265
124	2090	265
29	32	265
3	453	265
14	87	265
1411	41	265
9	14	265
111	19	265
15	171	265
7	312	265
1393	812	265
800	1721	265
4	543	264
1645	351	264
24	428	264
111	3	264
150	9	264
26	120	264
994	9	264
261	840	264
1	901	263
9	38	263
0	579	263
319	85	263
275	7	263
17	41	263
346	124	262
16	22	262
411	430	262
412	27	262
15	87	262
70	0	262
106	0	262
8	1135	262
1	1515	261
49	1726	261
73	10	261
55	52	261
394	3	261
36	12	261
2	192	261
19	234	261
6	602	261
18	53	261
1659	116	261
504	130	261
1	1006	260
41	294	260
415	1777	260
185	1	260
7	265	260
12	307	260
130	71	259
81	4	259
23	788	259
3	9	259
192	392	259
150	0	259
88	115	258
365	1968	258
141	8	258
10	300	258
466	2154	258
30	24	258
7	513	258
359	106	258
28	179	258
450	2147	258
8	316	258
37	130	257
50	13	257
662	107	257
90	47	257
350	281	257
66	4	257
96	6	257
6	308	257
0	1394	257
95	1442	257
5	268	257
45	490	257
114	82	256
4	61	256
46	302	256
278	292	256
39	452	256
140	70	256
118	283	256
563	10	256
21	113	256
8	270	256
34	62	256
144	30	255
1245	36	255
1382	174	255
930	341	255
36	359	255
19	168	255
0	243	255
0	570	255
63	1433	255
240	5	255
8	70	255
750	616	254
10	335	254
159	1	254
24	38	254
0	167	254
32	7	254
730	7	254
231	7	254
223	15	254
4	968	253
116	444	253
188	15	253
55	10	253
242	14	253
1198	210	253
13	232	253
6	660	253
6	430	253
0	646	253
205	728	253
51	19	253
21	266	253
45	5	253
10	129	252
52	32	252
411	294	252
2	103	252
601	16	252
104	2017	252
2332	91	252
5	303	252
5	507	252
12	139	252
578	13	252
1098	19	252
23	103	251
199	207	251
2	234	251
19	253	251
973	14	251
117	3	251
15	22	251
5	374	251
271	850	251
7	132	251
172	99	251
12	40	251
916	315	251
51	23	251
51	15	251
45	18	251
88	368	250
218	4	250
3	115	250
2	129	250
2	107	250
295	6	250
17	213	250
97	9	249
2347	119	249
10	1404	249
408	7	249
39	406	249
2	115	249
2	140	249
291	7	249
172	791	249
28	107	249
136	377	248
1010	15	248
653	28	248
66	2024	248
1483	184	248
169	10	248
0	378	248
209	246	248
127	0	248
284	16	248
8	1187	248
8	154	248
34	1	248
1	759	247
73	6	247
186	147	247
3	620	247
24	2065	247
731	444	247
15	56	247
205	28	247
51	28	247
1	192	246
283	1395	246
564	7	246
99	1	246
29	255	246
395	36	246
14	61	246
1091	15	246
2	330	246
18	440	246
524	21	246
478	7	246
178	56	246
8	16	246
212	3	245
50	843	245
587	363	245
238	55	245
59	6	245
255	27	245
539	5	245
72	4	245
592	16	245
274	6	245
1	762	244
224	176	244
4	1436	244
46	10	244
71	144	244
29	56	244
43	103	244
13	26	244
1973	48	244
282	244	244
17	9	244
1	785	243
215	2522	243
20	134	243
52	87	243
13	166	243
112	1	243
245	15	243
5	282	243
68	4	243
118	185	243
368	1	243
34	1046	243
143	51	242
128	34	242
81	216	242
425	7	242
2	253	242
62	6	242
26	6	242
22	110	242
253	1723	242
1	1288	241
10	449	241
23	614	241
78	95	241
497	598	241
320	49	241
1	870	240
4	200	240
1837	49	240
573	842	240
165	17	240
59	385	240
11	30	240
138	763	240
95	128	240
195	5	240
56	1366	240
64	164	240
18	29	240
172	1151	240
4	119	239
49	2268	239
136	261	239
395	823	239
887	27	239
36	423	239
65	91	239
19	1521	239
31	13	239
492	589	239
648	97	239
15	124	239
62	40	239
18	453	239
22	168	239
70	282	239
344	44	239
1131	51	239
21	131	239
191	1923	238
33	30	238
125	44	238
535	31	238
23	417	238
109	6	238
2	409	238
13	81	238
333	51	238
0	4	238
263	3	238
75	565	238
56	126	238
22	163	238
1280	11	238
2463	2267	237
1	1347	237
206	326	237
39	285	237
9	12	237
95	1862	237
1313	26	237
1742	1051	237
250	891	237
4	362	236
775	1606	236
55	301	236
14	424	236
39	325	236
385	6	236
16	238	236
19	8	236
0	759	236
32	1295	236
392	99	236
26	37	236
18	1013	236
7	390	236
44	1586	235
507	29	235
90	111	235
230	3	235
192	38	235
919	273	235
209	865	235
26	210	235
64	59	235
18	952	235
571	125	235
178	2501	235
1179	491	235
469	44	234
46	6	234
1810	11	234
3	32	234
59	227	234
25	74	234
199	1699	234
0	849	234
613	7	234
610	97	234
26	10	234
26	115	234
63	1571	234
413	49	234
17	445	234
188	7	233
479	8	233
20	16	233
1463	1061	233
433	585	233
414	14	233
73	13	232
917	174	232
238	1	232
29	158	232
23	270	232
3	440	232
16	163	232
24	2189	232
0	595	232
334	547	232
705	72	232
496	292	232
83	4	232
1051	981	232
28	234	232
460	85	232
616	7	232
8	649	232
976	1275	231
1793	1775	231
16	171	231
2	169	231
642	119	231
256	519	231
91	69	231
26	24	231
64	257	231
18	1088	231
172	22	231
354	16	231
183	318	231
1004	211	231
570	55	231
8	110	231
1	702	230
132	144	230
4	204	230
33	38	230
1157	231	230
47	31	230
0	325	230
912	7	230
7	240	230
167	68	229
33	323	229
296	469	229
14	421	229
57	905	229
36	1559	229
13	158	229
849	174	229
102	37	229
41	8	229
83	31	229
20	366	228
81	86	228
23	328	228
25	1334	228
2	81	228
2	371	228
0	585	228
32	22	228
83	86	228
864	34	228
1	1059	227
514	7	227
128	24	227
239	1644	227
421	4	227
124	346	227
204	523	227
69	3	227
78	46	227
1937	14	227
354	25	227
51	63	227
1	1679	226
1	610	226
77	151	226
2149	857	226
86	327	226
59	426	226
138	1897	226
2	214	226
370	6	226
621	144	226
26	81	226
663	7	226
4	408	225
58	277	225
1121	1240	225
86	14	225
3	37	225
57	747	225
2	4	225
2	120	225
470	36	225
15	64	225
312	8	225
2485	714	225
18	495	225
8	389	225
212	346	224
40	340	224
2638	154	224
278	1154	224
526	9	224
309	4	224
126	46	224
103	16	224
0	756	224
329	31	224
1162	15	224
244	3	224
15	934	224
415	581	224
5	1707	224
391	487	224
1712	132	224
1	1040	223
1	452	223
1	518	223
1	931	223
1165	7	223
4	887	223
607	0	223
365	2533	223
1789	26	223
98	2049	223
321	33	223
129	31	223
2	146	223
995	255	223
521	266	223
33	24	222
737	13	222
972	285	222
2	200	222
9	4	222
19	177	222
6	151	222
62	39	222
61	1239	222
30	475	222
397	65	222
866	68	222
17	108	222
223	17	222
21	81	222
1	641	221
116	1003	221
50	24	221
50	722	221
10	240	221
76	8	221
117	231	221
102	4	221
15	122	221
226	14	221
216	6	221
2121	1339	221
21	1055	221
48	601	220
57	1494	220
39	183	220
13	8	220
133	107	220
18	223	220
361	15	220
198	1689	220
12	10	220
12	6	220
593	1851	220
123	117	220
1	1204	219
1	1610	219
4	287	219
4	1605	219
4	784	219
90	51	219
10	739	219
81	412	219
165	92	219
217	754	219
43	115	219
54	3	219
126	40	219
2282	364	219
1628	612	219
380	37	219
1253	6	219
7	402	219
122	187	219
332	0	219
1372	1262	219
4	972	218
4	324	218
1509	48	218
101	89	218
537	10	218
29	58	218
221	58	218
3	87	218
254	19	218
2	266	218
2	56	218
0	776	218
95	96	218
32	1696	218
2031	28	218
672	19	218
926	1129	218
48	5	217
626	1600	217
885	814	217
19	49	217
412	66	217
1379	318	217
75	61	217
1291	271	217
30	152	217
7	387	217
172	646	217
898	5	217
177	244	217
8	1271	217
80	587	216
73	40	216
514	1930	216
52	64	216
29	64	216
23	81	216
372	376	216
43	70	216
133	369	216
333	507	216
127	35	216
171	145	216
792	4	216
5	403	216
802	51	216
274	252	216
1	1397	215
1	776	215
1	1360	215
1	914	215
80	74	215
296	187	215
20	7	215
3	278	215
254	6	215
36	465	215
36	427	215
0	156	215
0	1301	215
693	0	215
5	778	215
63	669	215
28	0	215
858	19	215
8	169	215
1	1500	214
4	414	214
116	2025	214
87	7	214
52	2	214
43	127	214
11	6	214
828	99	214
375	147	214
102	0	214
456	41	214
12	309	214
767	14	214
585	64	214
295	474	214
971	7	214
1	1550	213
143	6	213
50	40	213
55	19	213
215	1565	213
128	152	213
339	7	213
346	941	213
76	5	213
129	832	213
138	99	213
24	444	213
2	417	213
601	48	213
1220	1285	213
318	166	213
164	6	213
185	11	213
7	102	213
485	28	213
355	65	213
143	15	212
222	15	212
113	127	212
690	13	212
10	1359	212
14	298	212
109	31	212
311	301	212
0	278	212
78	30	212
137	1002	212
1	363	211
4	794	211
4	943	211
2020	144	211
934	10	211
43	81	211
16	34	211
24	1657	211
19	176	211
0	272	211
288	7	211
5	552	211
38	16	211
80	830	210
71	1664	210
238	117	210
175	30	210
57	90	210
47	33	210
0	521	210
195	30	210
358	827	210
5	823	210
74	1	210
1701	341	210
1393	152	210
214	71	210
2766	1158	210
637	292	210
37	6	209
1	650	209
1	1102	209
1150	6	209
1976	15	209
14	360	209
336	299	209
13	183	209
6	278	209
26	4	209
210	185	209
187	35	209
253	231	209
339	111	208
2215	26	208
23	21	208
3	188	208
39	131	208
126	18	208
2	64	208
19	58	208
31	94	208
32	110	208
747	111	208
41	293	208
26	185	208
18	1866	208
7	576	208
172	93	208
68	99	208
944	7	208
427	9	208
374	44	208
177	624	208
187	230	208
21	396	208
1	1261	207
1	305	207
4	593	207
1399	69	207
738	1055	207
871	6	207
588	344	207
16	328	207
2	509	207
2	131	207
2	325	207
9	3	207
31	77	207
380	32	207
5	71	207
7	557	207
228	2110	207
261	692	207
231	179	207
1667	27	207
4	798	206
144	130	206
50	70	206
242	7	206
807	1	206
93	162	206
29	446	206
3	541	206
3	221	206
69	6	206
79	6	206
1037	341	206
47	19	206
16	81	206
72	39	206
13	120	206
31	38	206
6	52	206
61	1632	206
64	5	206
225	191	206
17	195	206
858	154	206
37	13	205
157	124	205
4	983	205
55	13	205
449	57	205
270	1023	205
1427	44	205
24	318	205
209	745	205
15	20	205
12	121	205
390	0	205
45	501	205
250	307	205
1	1150	204
97	3	204
234	610	204
42	9	204
50	127	204
1550	55	204
124	1288	204
23	147	204
11	46	204
2	836	204
19	146	204
732	695	204
5	1681	204
353	2107	204
289	7	204
2222	70	204
845	34	204
279	229	203
1	82	203
1	963	203
50	1203	203
262	7	203
113	441	203
350	399	203
1027	241	203
159	84	203
2	320	203
2	343	203
0	1012	203
37	30	202
20	520	202
239	1406	202
823	10	202
1927	138	202
9	43	202
457	61	202
0	1036	202
0	1303	202
61	757	202
26	30	202
18	244	202
494	13	202
28	248	202
106	52	202
1235	370	202
1046	11	201
71	1534	201
29	37	201
25	1908	201
79	28	201
517	520	201
2	36	201
333	10	201
783	1100	201
0	573	201
78	5	201
131	10	201
15	105	201
1982	142	201
61	715	201
22	505	201
704	17	201
28	12	201
55	16	200
67	99	200
99	22	200
71	2299	200
448	1	200
584	752	200
24	551	200
2	565	200
0	396	200
532	72	200
740	14	200
518	1079	200
78	6	200
151	9	200
56	716	200
5	701	200
148	1960	200
271	838	200
173	333	200
12	9	200
35	58	200
898	10	200
17	181	200
341	3	200
45	6	200
97	24	199
222	6	199
100	117	199
229	151	199
29	20	199
16	1253	199
16	8	199
2	178	199
9	47	199
0	669	199
56	1611	199
7	400	199
268	229	199
21	112	199
45	10	199
1	788	198
114	4	198
87	0	198
238	610	198
953	505	198
194	1	198
972	1942	198
3	183	198
11	18	198
25	3	198
1168	91	198
72	9	198
1368	7	198
32	1279	198
150	465	198
91	3	198
1153	34	198
441	6	198
593	295	198
17	24	198
8	23	198
639	2234	197
1	930	197
1	311	197
58	9	197
1229	1016	197
48	7	197
50	156	197
89	266	197
124	1641	197
548	15	197
79	35	197
517	69	197
9	682	197
9	302	197
19	200	197
0	22	197
5	58	197
17	50	197
8	60	197
1	2320	196
4	259	196
50	81	196
90	4	196
76	38	196
1993	592	196
129	3	196
2	14	196
131	4	196
18	360	196
105	47	196
7	250	196
183	596	196
10	296	195
425	29	195
213	13	195
0	807	195
78	40	195
2040	41	195
284	10	195
1413	17	195
28	136	195
178	0	195
837	55	195
8	292	195
234	97	194
143	4	194
1432	198	194
67	1160	194
71	7	194
3	81	194
259	19	194
76	41	194
119	766	194
24	1571	194
192	1	194
2	116	194
0	433	194
182	9	194
41	899	194
7	577	194
1	1704	193
143	100	193
29	362	193
109	7	193
96	80	193
6	398	193
6	385	193
15	129	193
68	7	193
685	809	193
1	1680	192
283	147	192
10	2456	192
71	1608	192
920	69	192
29	235	192
163	482	192
43	643	192
16	6	192
2	1093	192
0	1197	192
0	407	192
260	664	192
392	984	192
105	7	192
22	775	192
1124	72	192
268	273	192
8	222	192
8	14	192
40	88	191
4	720	191
50	1393	191
120	182	191
3	316	191
425	34	191
493	462	191
72	110	191
108	134	191
0	603	191
740	173	191
358	1167	191
18	738	191
7	197	191
761	1	191
183	146	191
12	209	191
1	1462	190
1	1273	190
1	1296	190
937	1539	190
4	902	190
134	469	190
733	1	190
203	4	190
128	115	190
2259	112	190
1270	119	190
59	335	190
59	1671	190
699	264	190
1440	731	190
74	50	190
7	493	190
494	52	190
1283	16	190
296	9	189
89	409	189
6	832	189
1261	118	189
363	19	189
137	71	189
2783	304	189
63	2370	189
616	144	189
800	622	189
58	197	188
365	2598	188
113	185	188
98	1961	188
98	1876	188
3	82	188
69	19	188
743	29	188
2	783	188
19	142	188
6	206	188
169	1	188
121	123	188
78	62	188
64	109	188
359	163	188
21	627	188
317	106	187
58	484	187
365	2779	187
855	20	187
278	13	187
465	4	187
3	120	187
309	247	187
702	34	187
2	594	187
682	704	187
1128	56	187
15	478	187
26	171	187
173	22	187
332	83	187
37	3	186
71	19	186
238	1879	186
270	319	186
14	1117	186
43	325	186
39	802	186
557	71	186
681	3	186
166	1113	186
793	1719	186
61	1662	186
22	196	186
319	81	186
28	98	186
1131	82	186
8	115	186
1	1676	185
157	1	185
874	15	185
29	98	185
29	197	185
252	124	185
43	165	185
453	1	185
213	0	185
680	1038	185
13	152	185
139	121	185
370	14	185
5	279	185
5	1850	185
5	173	185
656	11	185
266	11	184
1	947	184
1	1184	184
1	121	184
1	1450	184
88	39	184
1289	10	184
10	983	184
229	0	184
165	6	184
14	131	184
43	16	184
96	52	184
13	238	184
19	87	184
333	148	184
0	13	184
263	10	184
610	123	184
18	737	184
458	177	184
51	26	184
4	796	183
874	11	183
1624	1	183
281	2172	183
23	611	183
23	183	183
19	1361	183
108	163	183
890	7	183
131	0	183
5	1543	183
261	9	183
17	948	183
176	970	183
1820	273	183
4	97	182
4	467	182
4	331	182
93	208	182
14	24	182
1079	6	182
2	124	182
31	18	182
169	0	182
642	1015	182
0	29	182
2523	827	182
182	52	182
32	164	182
209	831	182
400	308	182
332	86	182
35	446	182
685	1527	182
1342	271	182
8	1696	182
212	507	181
1	68	181
1	389	181
1942	1637	181
1260	624	181
174	8	181
29	12	181
23	363	181
3	545	181
59	478	181
36	287	181
43	1005	181
702	104	181
771	83	181
9	403	181
6	224	181
5	41	181
676	2976	181
484	37	181
28	151	181
1303	11	181
1281	638	180
1	395	180
114	6	180
2294	107	180
1010	18	180
67	785	180
3	504	180
1129	281	180
336	830	180
6	338	180
112	8	180
793	128	180
182	6	180
257	83	180
15	654	180
500	19	180
5	850	180
691	412	180
513	0	180
35	46	180
2032	11	180
51	79	180
1	911	179
1	1736	179
1	1757	179
114	26	179
620	5	179
4	888	179
144	6	179
120	6	179
763	111	179
93	4	179
81	6	179
190	828	179
159	30	179
39	279	179
19	129	179
108	5	179
1152	123	179
305	71	179
1579	76	179
145	17	179
1630	16	179
240	10	179
1236	2097	179
858	191	179
429	634	179
299	9	179
158	163	178
574	9	178
365	2633	178
55	63	178
142	7	178
23	285	178
23	690	178
59	569	178
163	251	178
47	4	178
103	24	178
0	542	178
610	52	178
15	199	178
61	494	178
64	560	178
18	194	178
22	11	178
1731	47	178
35	32	178
647	491	178
345	7	178
84	160	178
1	1473	177
310	1	177
1144	7	177
435	503	177
101	870	177
20	640	177
14	403	177
265	652	177
79	23	177
54	78	177
273	308	177
0	963	177
1356	11	177
41	829	177
420	0	177
1301	11	177
56	2577	177
63	5	177
225	0	177
7	300	177
7	320	177
2179	11	177
17	70	177
21	267	177
1559	1350	177
1	114	176
1	1638	176
251	0	176
186	1280	176
321	6	176
448	48	176
175	1	176
36	793	176
39	440	176
39	8	176
11	126	176
25	786	176
24	122	176
31	12	176
245	7	176
107	2105	176
5	868	176
22	208	176
162	126	176
28	97	176
1340	852	176
469	0	175
48	82	175
48	11	175
48	13	175
73	16	175
1198	149	175
664	0	175
3	437	175
304	26	175
1662	13	175
2	39	175
0	957	175
0	695	175
78	84	175
610	55	175
62	88	175
64	500	175
586	2641	175
628	15	175
2944	15	175
12	1177	175
38	33	175
1004	2210	175
1436	447	175
1112	1560	175
959	5	175
460	258	175
629	36	174
152	15	174
113	25	174
93	155	174
270	1464	174
3	274	174
36	589	174
129	157	174
199	2124	174
385	393	174
13	16	174
1074	18	174
0	440	174
256	961	174
41	88	174
5	229	174
18	541	174
164	138	174
30	33	174
30	75	174
162	73	174
274	472	174
746	216	174
21	103	174
157	893	173
88	103	173
58	3	173
50	11	173
20	19	173
89	157	173
3	132	173
323	5	173
57	1674	173
47	23	173
2	215	173
2	183	173
13	61	173
19	291	173
31	545	173
180	53	173
256	1	173
127	4	173
171	1015	173
102	241	173
61	495	173
1684	9	173
172	150	173
326	2480	173
442	219	173
289	2	173
1060	175	173
176	258	173
2188	1068	173
8	183	173
1	210	172
1145	3	172
23	310	172
3	476	172
3	96	172
823	7	172
39	947	172
47	92	172
1636	483	172
107	2151	172
107	9	172
64	6	172
335	687	172
381	22	172
772	189	172
223	8	172
1	956	171
188	14	171
77	64	171
20	2857	171
194	1553	171
3	500	171
254	3	171
39	112	171
96	16	171
9	46	171
492	1008	171
1936	82	171
195	62	171
41	535	171
61	905	171
415	1558	171
5	514	171
335	6	171
1006	203	171
357	1460	171
35	240	171
264	83	171
51	180	171
1	1853	170
88	259	170
40	53	170
403	624	170
113	149	170
86	7	170
259	0	170
159	46	170
76	1	170
43	268	170
555	100	170
2	98	170
6	915	170
6	135	170
0	899	170
32	878	170
127	38	170
291	9	170
5	1469	170
183	14	170
970	85	170
739	19	170
1	406	169
285	11	169
1207	2350	169
191	2634	169
401	509	169
142	662	169
10	260	169
321	1	169
309	6	169
2	177	169
0	966	169
0	459	169
327	6	169
614	478	169
15	97	169
5	581	169
18	632	169
357	69	169
51	203	169
1574	7	169
8	113	169
8	573	169
37	4	168
1	232	168
1	441	168
97	52	168
157	48	168
40	290	168
745	49	168
73	39	168
33	68	168
981	64	168
3	242	168
3	70	168
606	7	168
129	461	168
2	279	168
2	463	168
19	199	168
6	1734	168
457	1098	168
455	42	168
131	65	168
5	449	168
5	1456	168
122	617	168
28	32	168
140	1345	168
1131	26	168
1045	1044	168
357	58	168
1879	52	168
393	130	168
17	126	168
223	279	168
21	304	168
822	14	167
116	2471	167
553	39	167
55	23	167
242	1	167
556	41	167
120	1	167
401	28	167
98	2809	167
81	2790	167
159	24	167
410	3	167
2	242	167
0	161	167
327	396	167
107	1196	167
1458	144	167
62	10	167
91	123	167
30	118	167
458	260	167
173	683	167
106	460	167
1340	578	167
177	425	167
21	34	167
341	41	167
462	7	166
4	918	166
49	2767	166
143	111	166
82	14	166
1542	16	166
14	53	166
252	5	166
66	6	166
2	188	166
13	169	166
9	88	166
6	134	166
112	34	166
0	435	166
75	10	166
1219	15	166
302	18	166
15	197	166
41	16	166
5	10	166
720	1526	166
1804	2802	166
2712	922	166
393	28	166
264	7	166
176	3	166
227	130	166
1599	44	166
724	239	165
1	570	165
215	683	165
23	185	165
14	56	165
394	160	165
39	316	165
47	155	165
47	94	165
16	158	165
754	281	165
2	125	165
13	443	165
803	86	165
0	60	165
263	350	165
518	36	165
171	198	165
61	1080	165
105	171	165
22	151	165
70	248	165
413	308	165
8	149	165
34	808	165
1	1556	164
1	2437	164
80	915	164
4	173	164
73	11	164
113	29	164
537	15	164
10	890	164
23	1245	164
2260	13	164
918	106	164
1191	671	164
2	119	164
2	240	164
9	112	164
290	21	164
870	958	164
0	1150	164
0	1099	164
0	1517	164
459	1113	164
420	5	164
56	1209	164
26	53	164
70	38	164
7	179	164
12	858	164
145	0	164
528	105	164
258	489	164
167	437	163
1	128	163
97	0	163
181	139	163
87	2420	163
48	14	163
188	63	163
2330	107	163
10	427	163
10	374	163
86	35	163
3	225	163
1168	447	163
54	11	163
725	1305	163
9	51	163
0	1289	163
0	31	163
78	195	163
193	1	163
164	155	163
1817	72	163
106	14	163
661	132	163
118	1087	163
240	3	163
17	84	163
116	633	162
342	2636	162
73	21	162
33	424	162
71	119	162
52	30	162
395	16	162
43	53	162
2	359	162
13	88	162
139	47	162
121	810	162
0	735	162
95	60	162
32	10	162
41	24	162
377	3	162
56	57	162
61	1462	162
592	26	162
5	275	162
18	923	162
210	348	162
7	144	162
1155	11	162
80	455	161
553	5	161
113	106	161
1246	11	161
1536	219	161
10	1021	161
23	325	161
230	4	161
311	7	161
13	70	161
111	33	161
32	93	161
381	683	161
305	204	161
267	7	161
187	19	161
149	8	160
1	957	160
1	694	160
4	730	160
186	24	160
55	3	160
120	7	160
67	532	160
278	55	160
23	188	160
3	131	160
190	1383	160
306	77	160
555	28	160
2	498	160
6	816	160
133	798	160
0	591	160
95	141	160
182	4	160
15	116	160
458	663	160
1222	29	160
21	310	160
21	242	160
8	17	160
158	110	159
37	145	159
1	2473	159
1	1131	159
4	2497	159
4	758	159
4	746	159
46	11	159
101	700	159
270	1	159
59	793	159
190	19	159
39	1203	159
66	430	159
687	7	159
2	486	159
2	906	159
13	113	159
0	841	159
0	61	159
358	2100	159
102	109	159
328	355	159
15	136	159
64	2278	159
22	1045	159
2162	1078	159
391	0	159
400	1072	159
7	511	159
305	170	159
970	14	159
282	0	159
268	335	159
8	340	159
34	64	159
4	491	158
203	100	158
144	3	158
33	50	158
101	15	158
401	104	158
100	56	158
920	27	158
29	196	158
265	1892	158
735	25	158
53	91	158
569	138	158
180	12	158
91	187	158
61	68	158
184	206	158
592	52	158
1226	231	158
5	296	158
5	2204	158
714	2213	158
210	1180	158
7	473	158
696	2138	158
748	54	158
123	359	158
8	54	158
84	54	158
34	16	158
1	1641	157
40	6	157
40	1981	157
48	3	157
136	995	157
90	6	157
270	28	157
23	1059	157
36	663	157
933	176	157
16	25	157
6	411	157
6	780	157
0	1356	157
62	4	157
7	525	157
183	1603	157
744	119	157
28	352	157
145	47	157
145	6	157
357	19	157
373	1377	157
746	1381	157
635	14	157
842	532	156
1	1538	156
1	1533	156
1	1301	156
88	241	156
40	141	156
10	1206	156
1321	105	156
396	70	156
23	106	156
265	257	156
39	363	156
364	612	156
115	474	156
2	112	156
2	914	156
2	91	156
2	84	156
2	2807	156
139	7	156
0	2220	156
518	608	156
15	4	156
91	0	156
5	98	156
298	84	156
357	745	156
558	10	156
289	71	156
8	241	156
724	2713	155
285	1377	155
48	15	155
575	462	155
128	310	155
401	377	155
89	383	155
76	40	155
509	148	155
53	2291	155
24	2121	155
2	158	155
9	34	155
363	6	155
78	108	155
209	151	155
1796	1812	155
7	447	155
12	3	155
1978	185	155
1111	2582	155
21	406	155
84	10	155
84	110	155
1185	7	155
34	1055	155
146	1076	154
1	1440	154
853	31	154
4	2054	154
251	5	154
246	1086	154
33	39	154
10	649	154
395	82	154
204	7	154
36	1047	154
53	531	154
2	255	154
139	63	154
32	1496	154
257	227	154
991	257	154
41	22	154
41	430	154
26	47	154
26	8	154
173	7	154
7	350	154
162	3	154
118	653	154
223	12	154
21	383	154
158	106	153
1	540	153
1	819	153
4	303	153
49	2521	153
188	1	153
60	26	153
339	19	153
113	10	153
10	1369	153
10	299	153
23	0	153
254	4	153
423	1419	153
47	160	153
2	297	153
2	399	153
9	160	153
6	605	153
694	79	153
32	4	153
938	71	153
382	15	153
26	89	153
5	1962	153
30	165	153
51	108	153
450	8	153
21	120	153
21	368	153
149	199	152
1	115	152
4	1511	152
365	2704	152
46	895	152
50	628	152
152	1	152
10	676	152
229	44	152
1079	7	152
65	177	152
527	710	152
0	188	152
0	1067	152
0	346	152
235	144	152
1473	55	152
1442	16	152
500	10	152
1059	1	152
357	297	152
1126	76	152
295	15	152
460	36	152
1908	9	152
176	9	152
581	7	152
8	1104	152
8	668	152
84	114	152
34	131	152
1	1187	151
1	256	151
1	661	151
462	265	151
93	140	151
1080	28	151
124	998	151
86	10	151
221	32	151
23	222	151
23	16	151
59	543	151
14	359	151
57	791	151
2417	13	151
119	942	151
2	97	151
9	1553	151
32	1365	151
2781	2635	151
288	22	151
1937	16	151
1832	813	151
1222	26	151
261	480	151
35	91	151
1582	29	151
146	3	150
1	627	150
300	277	150
300	366	150
4	1321	150
87	3	150
60	123	150
629	142	150
55	14	150
125	2	150
10	104	150
229	7	150
664	9	150
948	5	150
16	765	150
6	875	150
0	785	150
0	874	150
546	2134	150
32	1557	150
209	1277	150
835	7	150
150	20	150
590	692	150
18	841	150
18	1626	150
22	145	150
774	211	150
196	4	150
83	39	150
406	6	150
441	15	150
295	7	150
118	425	150
1670	17	150
135	12	150
158	115	149
1	1012	149
1	2254	149
1	1088	149
1	656	149
4	1154	149
841	23	149
98	333	149
10	212	149
99	8	149
871	28	149
57	986	149
2146	1221	149
76	43	149
76	6	149
255	49	149
828	111	149
109	43	149
96	247	149
9	26	149
6	1010	149
112	123	149
0	2179	149
455	54	149
614	1	149
41	915	149
91	9	149
5	618	149
5	427	149
722	15	149
1152	15	149
2835	1191	149
578	946	149
790	219	149
17	909	149
325	142	149
8	2	149
8	656	149
34	152	149
384	8	148
98	305	148
10	1234	148
29	17	148
14	119	148
14	371	148
923	100	148
1716	1	148
364	6	148
54	31	148
411	830	148
2	442	148
452	26	148
32	6	148
358	1522	148
62	128	148
61	392	148
61	945	148
64	274	148
5	866	148
540	2545	148
7	818	148
1369	468	148
820	1	148
123	84	148
8	205	148
1	309	147
143	99	147
73	128	147
33	141	147
33	8	147
1347	11	147
1099	14	147
10	1567	147
557	463	147
115	542	147
72	17	147
410	4	147
2	261	147
65	117	147
6	326	147
0	295	147
111	133	147
245	10	147
777	519	147
598	203	147
291	3	147
171	2895	147
613	6	147
15	37	147
15	1332	147
655	7	147
5	137	147
18	147	147
2195	11	147
7	263	147
331	68	147
28	162	147
177	2573	147
1513	412	147
624	7	147
1336	207	147
84	604	147
836	7	146
46	16	146
48	18	146
1099	6	146
100	64	146
229	1100	146
29	171	146
3	1228	146
14	43	146
16	586	146
232	16	146
2	136	146
2	259	146
2	151	146
2	370	146
9	50	146
169	65	146
112	105	146
0	580	146
32	5	146
104	768	146
150	25	146
64	18	146
5	234	146
18	2619	146
18	1022	146
63	488	146
2432	41	146
122	68	146
1	777	145
300	696	145
87	125	145
134	9	145
775	182	145
101	130	145
120	10	145
238	507	145
29	168	145
3	986	145
76	46	145
1385	22	145
16	44	145
13	608	145
65	701	145
0	1046	145
0	518	145
166	574	145
111	23	145
312	46	145
826	11	145
26	588	145
415	571	145
851	1	145
225	125	145
671	4	145
1211	230	145
600	536	145
490	0	145
8	424	145
8	879	145
8	2016	145
84	161	145
158	9	144
37	49	144
1	2786	144
794	142	144
40	24	144
46	88	144
143	29	144
33	252	144
10	339	144
71	183	144
52	119	144
81	1154	144
1571	23	144
23	603	144
23	757	144
243	752	144
213	5	144
16	216	144
2	44	144
2	381	144
2	154	144
19	794	144
19	303	144
6	1248	144
0	973	144
2848	2968	144
32	1754	144
1233	168	144
839	2871	144
1616	1338	144
61	1871	144
18	627	144
220	173	144
391	1	144
162	47	144
332	66	144
2396	1199	144
1	747	143
1	1701	143
132	351	143
1016	7	143
88	114	143
58	64	143
750	7	143
77	87	143
1161	22	143
248	7	143
526	13	143
230	35	143
799	5	143
276	0	143
25	470	143
2	391	143
31	11	143
6	255	143
0	36	143
695	1078	143
75	104	143
75	1510	143
382	7	143
18	646	143
18	715	143
430	9	143
30	4	143
305	58	143
478	4	143
373	55	143
786	7	143
21	243	143
1	1887	142
88	183	142
33	313	142
1995	355	142
10	510	142
526	92	142
3	98	142
423	7	142
539	833	142
138	7	142
410	6	142
2	173	142
13	298	142
19	1248	142
492	107	142
0	35	142
15	499	142
5	0	142
1212	7	142
22	14	142
522	71	142
1224	452	142
320	5	142
8	648	142
577	0	142
34	6	142
1	809	141
1	1170	141
1	951	141
1	713	141
97	10	141
191	1699	141
50	738	141
90	15	141
421	7	141
2336	11	141
3	169	141
57	671	141
190	2043	141
439	0	141
2411	116	141
24	1271	141
273	400	141
2	527	141
2	636	141
2	291	141
2	118	141
13	167	141
19	20	141
6	544	141
112	6	141
0	1480	141
0	911	141
502	55	141
644	0	141
64	99	141
5	1272	141
5	1486	141
164	19	141
220	428	141
226	5	141
1426	2	141
1804	2928	141
565	7	141
176	85	141
1372	204	141
21	157	141
21	407	141
8	114	141
34	73	141
88	504	140
4	12	140
116	0	140
130	248	140
152	65	140
52	144	140
89	417	140
584	638	140
1459	0	140
14	70	140
57	2277	140
1476	16	140
79	3	140
304	52	140
16	441	140
432	48	140
13	363	140
0	498	140
277	36	140
32	550	140
61	1494	140
5	1089	140
18	75	140
18	540	140
301	37	140
241	52	140
122	57	140
228	2375	140
451	157	140
536	98	140
413	2669	140
118	34	140
463	1688	140
135	6	140
8	39	140
34	132	140
34	46	140
34	50	140
34	738	140
1	238	139
1	2331	139
215	47	139
120	574	139
142	6	139
10	904	139
10	835	139
10	882	139
278	1044	139
1482	0	139
163	54	139
43	60	139
25	664	139
336	20	139
2	494	139
2	1006	139
2	268	139
6	1329	139
641	344	139
0	94	139
247	34	139
1408	1	139
623	9	139
5	862	139
83	5	139
30	16	139
301	8	139
483	0	139
1102	28	139
1951	11	139
268	542	139
35	172	139
187	7	139
274	4	139
1269	113	139
17	35	139
123	122	139
34	87	139
1	1053	138
49	0	138
50	96	138
238	956	138
89	1380	138
29	102	138
81	1179	138
14	21	138
204	26	138
265	1655	138
509	67	138
24	177	138
2	614	138
31	30	138
127	1	138
382	52	138
26	11	138
286	49	138
64	67	138
5	50	138
185	15	138
185	18	138
210	1	138
7	681	138
284	40	138
427	3	138
8	463	138
45	90	138
37	10	137
1	1443	137
132	728	137
2516	2808	137
4	344	137
607	1	137
77	208	137
986	1046	137
128	156	137
113	48	137
541	151	137
20	2169	137
10	789	137
337	875	137
239	143	137
81	1178	137
23	5	137
14	75	137
43	75	137
25	31	137
66	8	137
199	2319	137
2	25	137
2	404	137
108	430	137
409	61	137
0	43	137
546	512	137
78	10	137
880	70	137
32	59	137
32	1532	137
705	218	137
41	26	137
1330	7	137
197	225	137
5	1518	137
18	2422	137
220	746	137
70	381	137
38	424	137
118	402	137
1410	69	137
1296	355	137
867	171	137
631	230	137
8	1066	137
37	94	136
279	2264	136
1	1653	136
1	1303	136
97	4	136
144	37	136
73	181	136
50	4	136
222	24	136
2916	10	136
1096	27	136
14	1885	136
1702	366	136
2302	351	136
771	226	136
2	637	136
0	386	136
0	1020	136
75	2093	136
1138	36	136
292	109	136
7	317	136
487	7	136
1563	49	135
362	828	135
1	1661	135
1	185	135
181	112	135
403	1320	135
4	365	135
46	43	135
46	56	135
246	149	135
77	427	135
125	6	135
10	1329	135
10	376	135
763	6	135
52	676	135
168	64	135
3	416	135
3	226	135
59	229	135
190	7	135
43	183	135
2772	134	135
66	1216	135
24	175	135
24	18	135
2	186	135
2	788	135
2	478	135
19	551	135
6	1201	135
1300	55	135
208	3	135
131	287	135
5	142	135
22	348	135
1163	123	135
28	177	135
12	237	135
1428	148	135
1428	7	135
1813	4	135
858	308	135
404	289	135
21	603	135
45	21	135
1	2317	134
1	1728	134
1812	71	134
4	338	134
4	924	134
4	176	134
113	588	134
100	231	134
20	44	134
52	576	134
52	320	134
889	34	134
3	167	134
14	253	134
129	1202	134
304	55	134
54	45	134
24	1540	134
287	311	134
0	282	134
0	1472	134
32	67	134
334	1523	134
377	57	134
5	146	134
5	4	134
5	696	134
484	83	134
241	36	134
344	448	134
216	0	134
12	140	134
1520	7	134
756	7	134
551	9	133
552	19	133
50	406	133
152	17	133
1868	1	133
1370	27	133
871	86	133
972	571	133
3	113	133
43	591	133
25	22	133
272	21	133
213	24	133
273	919	133
72	31	133
126	10	133
2	606	133
2	1025	133
31	16	133
433	622	133
0	66	133
0	549	133
0	1577	133
127	519	133
316	14	133
1364	1143	133
5	158	133
70	173	133
426	10	133
28	84	133
68	6	133
38	298	133
338	134	133
980	10	133
2240	367	133
563	101	133
21	409	133
8	167	133
1	757	132
4	750	132
4	374	132
607	5	132
479	64	132
10	1686	132
3	312	132
230	26	132
39	493	132
11	9	132
243	70	132
47	35	132
232	8	132
13	122	132
6	2911	132
0	99	132
0	106	132
322	3	132
209	1238	132
151	19	132
15	225	132
5	119	132
676	264	132
30	812	132
406	8	132
486	1375	132
2073	271	132
545	1	132
12	88	132
178	376	132
1211	19	132
1082	1291	132
2391	219	132
34	259	132
1	1243	131
1	845	131
40	89	131
403	709	131
4	87	131
4	696	131
87	22	131
855	1	131
82	204	131
100	234	131
20	83	131
10	200	131
584	70	131
23	1175	131
76	10	131
11	50	131
109	19	131
16	588	131
16	26	131
133	754	131
139	92	131
139	247	131
1031	7	131
0	690	131
1516	189	131
497	2557	131
131	6	131
596	7	131
107	119	131
244	7	131
193	46	131
61	863	131
5	358	131
18	82	131
654	19	131
22	362	131
22	33	131
83	21	131
391	61	131
319	489	131
307	157	131
28	64	131
1030	5	131
485	6	131
274	14	131
223	93	131
1077	1077	131
45	24	131
1	1660	130
315	661	130
40	1412	130
4	816	130
4	780	130
2517	71	130
974	27	130
90	54	130
10	548	130
10	2839	130
23	610	130
14	263	130
259	14	130
2756	27	130
580	10	130
43	238	130
25	134	130
306	39	130
2	1003	130
13	82	130
6	324	130
0	1423	130
882	29	130
931	1	130
151	697	130
15	275	130
751	9	130
5	608	130
18	1052	130
313	5	130
2035	26	130
210	1000	130
400	255	130
1097	117	130
1450	29	130
28	200	130
140	339	130
593	2341	130
765	6	130
35	76	130
585	48	130
506	26	130
1173	9	130
34	38	130
266	1625	129
1	585	129
4	275	129
49	9	129
89	1189	129
59	371	129
59	8	129
76	15	129
47	7	129
54	17	129
2	552	129
2	437	129
2	1009	129
1042	142	129
133	1338	129
117	84	129
0	611	129
0	33	129
0	650	129
0	1379	129
497	552	129
32	410	129
247	15	129
370	0	129
22	430	129
220	0	129
12	1955	129
68	10	129
38	1358	129
338	27	129
481	16	129
1269	491	129
17	141	129
450	209	129
325	1	129
404	261	129
21	933	129
8	185	129
149	369	128
1	1400	128
1	333	128
1	2725	128
88	713	128
4	1935	128
4	1881	128
130	1309	128
134	5	128
33	35	128
280	9	128
537	123	128
346	1004	128
10	636	128
626	48	128
194	74	128
3	644	128
59	71	128
59	117	128
39	245	128
25	16	128
2232	74	128
557	179	128
2	229	128
2	104	128
2	1330	128
9	181	128
6	707	128
6	881	128
108	44	128
1425	2323	128
0	804	128
0	1087	128
166	1899	128
78	35	128
195	38	128
247	16	128
75	487	128
107	22	128
15	320	128
531	461	128
5	104	128
30	53	128
226	252	128
331	277	128
819	70	128
28	369	128
12	4	128
524	53	128
38	14	128
528	7	128
341	59	128
1582	63	128
123	61	128
212	5	127
88	238	127
88	393	127
4	844	127
4	571	127
1136	1	127
55	11	127
1511	3	127
2858	189	127
52	279	127
89	188	127
2706	1299	127
3	524	127
59	231	127
204	14	127
36	1471	127
11	64	127
538	65	127
126	13	127
9	726	127
19	865	127
19	1926	127
6	919	127
0	731	127
0	1479	127
470	2892	127
880	104	127
18	629	127
70	104	127
331	97	127
28	240	127
729	14	127
35	104	127
474	0	127
8	278	127
8	968	127
45	153	127
1286	138	126
40	128	126
1596	1478	126
128	16	126
1919	11	126
98	2000	126
10	770	126
52	197	126
174	16	126
174	402	126
3	737	126
606	148	126
948	0	126
24	1191	126
2	525	126
2	246	126
2	333	126
2	289	126
9	35	126
31	39	126
6	317	126
0	626	126
0	583	126
532	465	126
32	1857	126
502	13	126
955	16	126
107	1600	126
420	1	126
808	63	126
5	1027	126
5	260	126
5	2553	126
5	1098	126
18	578	126
185	1426	126
7	450	126
359	241	126
559	107	126
223	22	126
223	895	126
21	185	126
21	325	126
45	22	126
303	463	125
33	908	125
917	1718	125
142	19	125
98	1663	125
10	1065	125
278	10	125
52	606	125
29	293	125
23	242	125
23	166	125
3	293	125
76	501	125
580	322	125
11	4	125
79	258	125
1171	55	125
109	39	125
24	651	125
115	756	125
249	6	125
2	232	125
13	10	125
19	246	125
1316	124	125
0	1623	125
0	547	125
277	219	125
15	544	125
927	93	125
105	50	125
308	0	125
941	124	125
28	61	125
1218	211	125
685	1966	125
240	350	125
274	7	125
51	36	125
8	917	125
84	482	125
1267	269	125
4	83	124
1229	140	124
49	67	124
46	1889	124
778	19	124
1150	7	124
71	2	124
278	206	124
239	27	124
29	132	124
81	28	124
2549	10	124
14	693	124
14	62	124
76	0	124
255	28	124
798	7	124
16	89	124
340	10	124
108	62	124
0	375	124
0	819	124
1187	97	124
912	4	124
200	242	124
670	2119	124
91	912	124
5	55	124
676	257	124
30	186	124
30	3	124
282	15	124
38	24	124
8	165	124
8	373	124
34	12	124
158	59	123
279	262	123
114	16	123
4	2736	123
4	586	123
191	825	123
352	0	123
60	29	123
128	5	123
10	146	123
10	107	123
10	176	123
71	1111	123
52	116	123
1453	398	123
23	804	123
14	116	123
76	30	123
76	12	123
69	47	123
66	455	123
109	0	123
1693	605	123
432	113	123
115	328	123
192	627	123
6	907	123
6	103	123
782	149	123
681	83	123
111	31	123
102	5	123
997	11	123
193	8	123
496	44	123
61	7	123
64	0	123
22	86	123
22	5	123
7	71	123
122	84	123
28	303	123
1131	105	123
38	290	123
118	311	123
51	100	123
158	22	122
1	412	122
1	1499	122
234	157	122
443	29	122
1389	2785	122
285	14	122
330	225	122
46	490	122
48	26	122
55	5	122
1423	11	122
175	46	122
3	777	122
204	15	122
163	59	122
76	50	122
69	35	122
16	243	122
2	610	122
65	618	122
6	679	122
363	14	122
0	23	122
0	543	122
459	363	122
32	30	122
2077	1510	122
15	49	122
62	43	122
719	37	122
5	136	122
83	59	122
216	4	122
216	291	122
524	382	122
995	179	122
35	24	122
118	309	122
289	37	122
264	566	122
274	595	122
17	64	122
21	285	122
21	222	122
8	977	122
8	31	122
8	327	122
2257	71	122
34	137	122
1686	7	121
167	138	121
1	1041	121
88	579	121
4	1574	121
128	96	121
10	150	121
1184	29	121
29	42	121
59	67	121
76	4	121
1385	7	121
757	8	121
138	6	121
192	62	121
680	271	121
2	383	121
2	275	121
2	685	121
492	129	121
973	4	121
166	381	121
104	244	121
104	15	121
1364	119	121
955	345	121
15	190	121
15	177	121
62	16	121
64	30	121
5	564	121
5	685	121
335	0	121
319	14	121
663	258	121
240	226	121
51	35	121
1172	16	121
250	0	121
362	163	120
1	892	120
132	736	120
4	1864	120
1209	190	120
552	68	120
50	128	120
55	31	120
136	496	120
20	27	120
10	254	120
1217	27	120
321	4	120
52	312	120
2123	54	120
59	124	120
323	38	120
190	203	120
190	48	120
311	214	120
376	37	120
1125	16	120
2	190	120
2	538	120
1874	152	120
13	406	120
6	2411	120
0	584	120
0	455	120
0	2032	120
497	371	120
912	13	120
32	357	120
209	707	120
796	32	120
2714	198	120
318	1709	120
15	50	120
26	32	120
18	70	120
105	10	120
105	1271	120
688	2770	120
30	39	120
7	639	120
727	316	120
28	1536	120
353	809	120
1045	1718	120
35	10	120
35	231	120
295	9	120
187	3	120
464	0	120
299	57	120
146	548	119
1	521	119
551	3	119
315	1969	119
87	840	119
44	1611	119
46	24	119
838	11	119
10	1252	119
465	942	119
1482	70	119
81	1	119
281	7	119
23	243	119
23	139	119
36	8	119
159	43	119
159	12	119
39	58	119
119	3	119
364	34	119
476	5	119
24	249	119
410	7	119
2	1059	119
2	357	119
65	291	119
6	735	119
0	601	119
0	328	119
0	472	119
1514	2821	119
636	7	119
2339	179	119
256	958	119
209	974	119
292	16	119
91	2332	119
193	30	119
205	489	119
205	104	119
806	2546	119
533	20	119
5	200	119
164	4	119
30	65	119
884	1500	119
28	1231	119
12	2070	119
12	578	119
68	2	119
38	167	119
805	1737	119
146	1819	118
1	2195	118
40	75	118
303	559	118
33	73	118
33	393	118
77	158	118
77	176	118
55	17	118
152	6	118
2166	327	118
855	41	118
10	41	118
10	343	118
239	0	118
1096	254	118
86	4	118
885	15	118
254	2045	118
57	900	118
25	44	118
1736	331	118
306	0	118
306	5	118
273	191	118
2	90	118
2	70	118
13	270	118
409	598	118
0	678	118
78	43	118
919	400	118
511	379	118
193	62	118
26	241	118
335	7	118
22	80	118
70	65	118
30	431	118
2587	119	118
261	781	118
35	131	118
379	429	118
487	581	118
929	2516	118
2803	273	118
563	26	118
8	1153	118
567	47	118
299	19	118
1	579	117
1	1339	117
97	255	117
462	19	117
40	50	117
181	309	117
403	968	117
330	171	117
44	151	117
778	23	117
384	98	117
20	6	117
10	124	117
10	681	117
170	61	117
981	961	117
29	320	117
3	973	117
163	40	117
36	596	117
159	62	117
129	289	117
453	23	117
69	4	117
6	2554	117
6	994	117
117	19	117
0	409	117
0	540	117
0	1006	117
0	389	117
15	31	117
7	1141	117
106	4	117
38	89	117
118	389	117
233	72	117
867	4	117
528	505	117
1580	13	117
481	55	117
17	53	117
135	2	117
147	165	117
8	1051	117
986	597	116
50	43	116
597	63	116
838	185	116
416	81	116
101	1665	116
90	465	116
168	241	116
239	7	116
29	62	116
29	954	116
175	118	116
3	1071	116
3	627	116
14	96	116
254	160	116
39	459	116
79	68	116
16	241	116
13	777	116
6	335	116
108	30	116
169	7	116
1468	4	116
0	1382	116
0	722	116
0	1832	116
0	7	116
127	334	116
850	19	116
318	2799	116
150	162	116
1232	9	116
1088	13	116
590	764	116
18	537	116
18	1005	116
758	2037	116
173	191	116
162	510	116
305	97	116
434	205	116
214	7	116
35	30	116
790	301	116
464	956	116
440	15	116
1070	7	116
508	7	116
1479	55	116
1	1281	115
1	416	115
1	1101	115
4	551	115
4	248	115
576	277	115
50	10	115
55	93	115
2021	28	115
1311	58	115
222	1	115
296	184	115
67	90	115
10	1672	115
93	19	115
3	101	115
204	168	115
2538	1167	115
39	396	115
918	19	115
16	52	115
24	234	115
96	621	115
13	56	115
9	75	115
19	259	115
543	9	115
1546	34	115
0	84	115
598	19	115
195	1	115
386	214	115
15	1568	115
15	427	115
5	1353	115
5	1020	115
18	885	115
18	2123	115
950	11	115
30	453	115
1190	52	115
760	7	115
35	146	115
35	235	115
506	419	115
1049	1164	115
1175	121	115
414	304	115
2456	4	115
1	953	114
1	9	114
1	1251	114
1	392	114
1	2552	114
1	2468	114
224	460	114
40	222	114
181	361	114
4	208	114
4	846	114
73	4	114
60	556	114
33	128	114
136	56	114
841	35	114
2167	1156	114
378	542	114
222	5	114
556	20	114
120	63	114
120	2835	114
82	330	114
23	232	114
1886	36	114
39	425	114
25	339	114
79	1	114
1716	65	114
119	6	114
1297	1	114
1938	2939	114
24	2887	114
24	2872	114
2	250	114
9	145	114
19	25	114
6	1142	114
0	441	114
0	1190	114
200	157	114
1005	230	114
127	6	114
131	200	114
596	789	114
151	289	114
15	255	114
62	24	114
91	11	114
205	36	114
5	263	114
774	2611	114
970	258	114
28	798	114
618	788	114
353	1666	114
697	7	114
21	391	114
389	846	114
34	53	114
37	53	113
1	592	113
1	1189	113
48	30	113
20	3	113
20	2828	113
10	0	113
10	377	113
93	5	113
448	117	113
238	13	113
2687	2106	113
638	360	113
156	8	113
23	1624	113
3	152	113
3	41	113
823	63	113
43	452	113
25	2675	113
1228	0	113
47	5	113
2	611	113
13	84	113
6	1867	113
103	204	113
0	610	113
78	4	113
1182	203	113
292	212	113
15	146	113
15	576	113
15	98	113
15	260	113
693	21	113
41	113	113
91	41	113
26	70	113
64	12	113
5	97	113
5	285	113
5	1368	113
5	1547	113
18	284	113
1443	29	113
38	26	113
1101	26	113
1436	1043	113
703	20	113
1175	123	113
368	1000	113
51	133	113
34	58	113
1	2237	112
132	317	112
40	490	112
482	40	112
4	564	112
4	1502	112
42	26	112
437	29	112
10	564	112
10	1311	112
10	1096	112
3	69	112
3	702	112
3	137	112
3	313	112
3	1028	112
57	495	112
190	79	112
39	585	112
509	71	112
923	7	112
439	5	112
1967	485	112
24	2602	112
192	64	112
19	574	112
19	67	112
31	50	112
6	27	112
6	878	112
728	36	112
1251	1096	112
235	6	112
32	1928	112
839	1200	112
1957	155	112
107	1164	112
2238	2144	112
15	280	112
15	720	112
62	66	112
5	1106	112
18	966	112
164	94	112
314	2068	112
63	1029	112
148	7	112
593	1142	112
1444	2302	112
231	8	112
1396	18	112
1082	1521	112
2483	619	112
8	439	112
8	302	112
146	22	111
1	2783	111
1	2023	111
1	1951	111
157	666	111
403	2439	111
58	32	111
46	54	111
342	1207	111
778	7	111
689	264	111
809	168	111
10	995	111
71	1196	111
1260	903	111
86	8	111
3	305	111
14	60	111
129	1312	111
1576	7	111
306	13	111
16	70	111
311	68	111
232	48	111
13	452	111
13	127	111
9	471	111
9	15	111
19	311	111
19	261	111
133	796	111
0	1661	111
263	31	111
200	493	111
670	960	111
328	231	111
2357	148	111
15	107	111
286	246	111
590	2111	111
5	1108	111
5	1949	111
18	333	111
63	768	111
1122	355	111
241	14	111
12	1062	111
35	37	111
35	303	111
264	226	111
460	224	111
34	1011	111
37	16	110
88	851	110
462	1507	110
181	115	110
4	651	110
4	1441	110
310	64	110
98	9	110
10	928	110
10	1746	110
278	719	110
174	11	110
174	102	110
124	2541	110
548	29	110
29	297	110
81	55	110
584	248	110
2060	1223	110
3	1033	110
814	15	110
25	394	110
115	1728	110
978	16	110
13	440	110
65	146	110
9	290	110
0	732	110
815	173	110
1758	1	110
78	0	110
78	41	110
2860	65	110
32	530	110
104	1189	110
75	14	110
623	315	110
56	2037	110
5	335	110
18	96	110
18	792	110
22	2354	110
70	132	110
7	745	110
359	9	110
691	18	110
106	287	110
106	1711	110
671	7	110
397	264	110
35	261	110
118	845	110
17	80	110
51	149	110
51	779	110
1020	15	110
21	165	110
8	136	110
299	470	110
158	6	109
167	203	109
1	989	109
157	719	109
181	24	109
766	48	109
4	158	109
330	196	109
77	449	109
55	15	109
556	42	109
653	389	109
67	1148	109
1198	105	109
10	341	109
229	4	109
548	7	109
156	5	109
194	8	109
23	1868	109
23	370	109
3	259	109
39	266	109
19	318	109
492	335	109
973	6	109
293	5	109
759	34	109
958	1072	109
0	999	109
815	381	109
1533	10	109
2320	55	109
208	110	109
2134	168	109
302	21	109
15	239	109
562	526	109
5	377	109
5	357	109
18	136	109
30	290	109
2468	55	109
1155	15	109
985	19	109
12	39	109
68	3	109
38	437	109
399	0	109
35	137	109
393	36	109
21	26	109
147	50	109
8	1149	109
8	290	109
659	1162	108
1	2309	108
1	1697	108
1	1437	108
1	1577	108
822	258	108
556	196	108
1420	1048	108
10	280	108
10	21	108
10	971	108
52	73	108
52	253	108
239	16	108
1808	27	108
3	592	108
159	770	108
69	111	108
119	1269	108
24	1032	108
2	199	108
2	35	108
2	1451	108
13	603	108
13	32	108
19	590	108
412	16	108
117	7	108
455	196	108
127	41	108
848	10	108
386	91	108
731	1351	108
41	646	108
64	1260	108
5	32	108
18	127	108
12	873	108
427	23	108
261	315	108
712	12	108
487	1145	108
877	0	108
499	19	108
1490	7	108
1241	9	108
563	16	108
2805	1372	108
21	1136	108
320	0	108
135	3	108
857	19	108
936	125	107
40	194	107
4	224	107
1645	138	107
143	16	107
48	34	107
186	1260	107
1245	883	107
142	3	107
142	1174	107
1255	55	107
99	6	107
221	574	107
23	767	107
3	60	107
14	64	107
615	281	107
1741	3	107
129	742	107
901	231	107
53	421	107
243	291	107
24	14	107
24	2470	107
2	22	107
2	225	107
9	2	107
0	1246	107
0	419	107
880	36	107
1035	19	107
850	29	107
171	137	107
107	1779	107
15	114	107
15	345	107
5	1549	107
683	2637	107
540	537	107
7	49	107
7	856	107
7	220	107
468	16	107
494	4	107
183	574	107
38	416	107
145	14	107
1709	81	107
17	81	107
17	630	107
949	256	107
414	3	107
8	133	107
8	298	107
8	305	107
2055	572	107
149	129	106
1	740	106
1	2535	106
1	880	106
403	903	106
4	1026	106
58	27	106
48	17	106
60	10	106
280	224	106
378	1102	106
82	216	106
10	13	106
10	291	106
248	6	106
23	648	106
3	286	106
59	1810	106
163	10	106
609	20	106
39	12	106
11	84	106
2022	1794	106
1129	1668	106
2	86	106
2	2639	106
2	801	106
2	15	106
2	344	106
9	424	106
6	593	106
293	98	106
103	6	106
180	8	106
0	266	106
0	537	106
0	1443	106
277	449	106
137	157	106
235	125	106
104	218	106
596	275	106
75	695	106
444	1117	106
15	769	106
15	30	106
751	55	106
294	9	106
1205	123	106
592	311	106
18	776	106
22	31	106
220	248	106
7	199	106
172	532	106
1579	1066	106
2670	503	106
995	27	106
35	525	106
35	62	106
187	6	106
1774	15	106
521	1	106
253	893	106
446	3	106
8	11	106
1799	46	105
149	586	105
167	905	105
1	523	105
1	2434	105
1	187	105
97	2	105
88	295	105
40	118	105
330	206	105
48	23	105
251	3	105
33	4	105
55	21	105
841	4	105
2967	2342	105
222	254	105
597	28	105
10	303	105
10	263	105
52	132	105
52	137	105
337	29	105
1027	7	105
174	446	105
889	145	105
417	29	105
2133	70	105
270	14	105
165	122	105
92	54	105
3	116	105
3	166	105
14	6	105
43	396	105
39	53	105
39	559	105
39	320	105
25	1016	105
79	600	105
53	65	105
364	4	105
555	203	105
698	63	105
16	69	105
432	16	105
432	15	105
126	11	105
2	387	105
2	206	105
2	461	105
2	666	105
2	231	105
492	465	105
121	16	105
180	31	105
0	1489	105
