# name	value
engine	0.1.0.dev0
total	6102037
vocabulary	3009
alphabet	AEJNOQYbcdfhklmnprstvyz
weights.key_edit	5.0
weights.spelling	5.0
weights.curated	1.5
weights.abbreviation	2.0
weights.minor	2.0
weights.frequency	0.5
weights.completion	2.0
weights.missing	0.5
settings.language_model	0.7
settings.english	7.0
settings.join	1.0
settings.split	1.0
settings.max_words_per_span	3
settings.min_split_length	4
settings.max_piece_length	12
settings.choices_per_span	8
settings.beam	8
lexicon.bigram_weight	0.7
match.MIN_FUZZY_KEY	3
match.MIN_COMPLETION_KEY	2
match.MAX_COMPLETION_SCAN	5000
engine.FALLBACK_EMISSION	-8.0
engine.TYPED_EMISSION	-20.0
engine.LEARNED_WEIGHT	3.0
engine.LEARNED_UNKNOWN_BONUS	5.0
transliterate.MAX_SYLLABLE_LETTERS	7
transliterate.VOWEL_ONSET_COST	3.0
