# key	spelling	log probability
bAn	បាន	-6.602006215003764
kA	ការ	-4.048106693728813
nEN	នឹង	-6.245331271065032
dEl	ដែល	-6.756156894831023
knON	ក្នុង	-7.161622002939187
mJn	មាន	-5.775327641819297
nOv	នៅ	-5.775327641819297
rO	រ	-4.676715353151187
bO	បុ	-5.215711853883874
nJk	អ្នក	-6.245331271065032
nE	និ	-4.697768762349019
cJ	ជា	-4.616090731334753
tA	តា	-4.859036909945142
lOk	លោក	-6.063009714271078
dOy	ដោយ	-6.350691786722859
pE	ពិ	-4.577624450506956
tOv	ទៅ	-5.657544606162913
hEy	ហើយ	-7.8547691834991324
mEn	មិន	-5.657544606162913
nEy	ន័យ	-6.063009714271078
cnAm	ឆ្នាំ	-7.8547691834991324
Ac	អា	-7.161622002939187
mOy	មួយ	-6.150021091260707
dEm	ដើម	-6.602006215003764
bEy	បី	-6.150021091260707
tvE	ធ្វើ	-6.756156894831023
tNAy	ថ្ងៃ	-6.938478451624977
mOk	មុខ	-5.552184090505087
tE	តែ	-3.8750875295971716
lE	លី	-5.289819826037596
dOl	ដល់	-6.602006215003764
yEN	យើង	-8.547916364059079
nO	នុ	-4.964397425602968
prO	ប្រ	-4.12907575626248
kE	គី	-5.180620534072604
Oy	ឱ្យ	-6.756156894831023
sOm	សម	-4.191207537369486
rAp	រាប់	-7.449304075390969
tAm	តាម	-6.602006215003764
kAm	កម្ម	-5.552184090505087
pO	ពោះ	-5.215711853883874
vJ	វា	-6.602006215003764
trEv	ត្រូវ	-6.756156894831023
kO	ករ	-4.470378920153358
pEl	ពេល	-6.245331271065032
kAN	ខាង	-6.938478451624977
rE	រិ	-4.910330204332692
kYOm	ខ្ញុំ	-8.547916364059079
tJt	ទៀត	-6.063009714271078
klOn	ខ្លួន	-6.756156894831023
kEt	កើត	-5.908859034443819
lEN	ឡើង	-5.456873910700762
tO	ទ	-4.299421122009719
tOl	ទួល	-5.908859034443819
knJ	គ្នា	-6.756156894831023
prJ	ព្រះ	-6.938478451624977
dO	ដោះ	-5.215711853883874
krOm	ក្រុម	-6.468474822379242
pJp	ភាព	-5.412422148129928
pOk	ពួក	-6.150021091260707
yAN	យ៉ាង	-6.468474822379242
mO	ម	-5.9829670065975415
tJN	ទាំង	-6.063009714271078
cOm	ចំ	-4.191207537369486
nOn	នួន	-7.449304075390969
lO	ឡូ	-5.908859034443819
tmEy	ថ្មី	-7.8547691834991324
yOk	យក	-6.245331271065032
kQt	គាត់	-7.161622002939187
mOn	មុន	-5.9829670065975415
pdOl	ផ្តល់	-7.8547691834991324
pOn	ពន្ធ	-5.412422148129928
tlAy	ថ្លៃ	-7.449304075390969
kAl	កាល	-6.468474822379242
dAk	ដាក់	-7.8547691834991324
cEY	ចេញ	-6.063009714271078
mnJk	ម្នាក់	-8.547916364059079
vEy	វ័យ	-6.756156894831023
Et	ឥត	-7.161622002939187
cmO	ឈ្មោះ	-8.547916364059079
hOn	ហ៊ុន	-7.161622002939187
kOm	កំ	-4.373529094163441
pON	ពង់	-5.714703020002862
cOy	ជួយ	-8.547916364059079
crEn	ច្រើន	-6.756156894831023
dE	ដើរ	-5.908859034443819
bE	បើ	-6.245331271065032
yJy	យាយ	-7.449304075390969
NJ	ងារ	-7.161622002939187
cOn	ជន	-5.714703020002862
cJN	ជាង	-6.938478451624977
cO	ចុះ	-5.329040539190878
pOl	ផល	-5.839866162956868
rQt	រដ	-6.245331271065032
prAk	ប្រាក់	-6.756156894831023
plEv	ផ្លូវ	-7.161622002939187
O	ឧ	-5.180620534072604
psEN	ផ្សេង	-8.547916364059079
bOm	បំ	-5.329040539190878
pOt	ផុត	-6.350691786722859
bON	បង	-5.082180461259352
hAY	ហាញ	-8.547916364059079
cOl	ចូល	-5.839866162956868
krO	ក្រ	-5.146718982396923
sON	សង	-5.412422148129928
pAY	បញ	-7.8547691834991324
YhA	ហា	-8.547916364059079
tEk	ទឹក	-6.063009714271078
rOm	រំ	-5.252079498054749
bOn	បន	-4.786716248365516
tEm	ថែម	-6.938478451624977
rEN	រឿង	-6.756156894831023
Om	អំ	-6.063009714271078
NE	ងឺ	-7.8547691834991324
cEn	ចិន	-7.449304075390969
nJN	នាង	-7.8547691834991324
prE	ប្រែ	-6.350691786722859
cON	ចង	-6.350691786722859
dOm	ដំ	-4.910330204332692
prA	ប្រា	-6.245331271065032
kOn	កន	-5.412422148129928
krOy	ក្រោយ	-7.161622002939187
A	អា	-4.313809859461818
mE	មេ	-5.552184090505087
rEk	រីក	-6.602006215003764
krOp	គ្រប់	-6.602006215003764
tOm	ទំ	-5.412422148129928
bAY	បញ	-5.839866162956868
cJk	ជាក់	-6.468474822379242
lEk	លើក	-5.714703020002862
kmJn	គ្មាន	-8.547916364059079
cbAp	ច្បាប់	-8.547916364059079
klAN	ខ្លាំង	-7.161622002939187
kmE	ខ្មែរ	-7.8547691834991324
vEY	វិញ	-6.756156894831023
kAn	កាន់	-5.839866162956868
pnEk	ភ្នែក	-7.449304075390969
kEY	ឃើញ	-6.756156894831023
sO	សរ	-5.412422148129928
srOk	ស្រុក	-6.938478451624977
dOc	ដូច	-6.245331271065032
dEN	ដឹង	-6.350691786722859
pJ	ភា	-5.552184090505087
lEy	ឡើយ	-6.938478451624977
rOp	រូប	-5.9829670065975415
nA	ណា	-4.83434429735477
bEk	បែក	-6.468474822379242
cE	ជី	-5.412422148129928
vEt	វិត	-7.161622002939187
ptJ	ផ្ទះ	-7.449304075390969
yJ	យៈ	-6.602006215003764
rOt	រថ	-6.938478451624977
yOn	យន្ត	-6.602006215003764
cnE	ច្នេះ	-7.8547691834991324
kEm	ហ្គេម	-6.245331271065032
sAc	សាច់	-6.602006215003764
kdEy	ក្តី	-7.161622002939187
dAc	ដាច់	-7.449304075390969
pOp	ភព	-7.161622002939187
tQp	ទាប់	-6.938478451624977
kOt	កត់	-5.839866162956868
rJp	រៀប	-6.756156894831023
mEl	មើល	-6.350691786722859
kQm	គាំ	-7.8547691834991324
trO	ត្រ	-6.245331271065032
lAy	ល័យ	-6.063009714271078
krON	ក្រុង	-6.756156894831023
sEn	សិន	-6.245331271065032
mON	ម៉ោង	-7.161622002939187
trEy	ត្រី	-6.602006215003764
pQn	ព័ន្ធ	-6.602006215003764
vE	វិ	-4.992568302569665
kpO	ខ្ពស់	-7.449304075390969
pnQl	ភ្នាល់	-8.547916364059079
pnOm	ភ្នំ	-7.449304075390969
pEY	ពេញ	-6.150021091260707
pEt	ពិត	-5.9829670065975415
tJn	ធាន	-6.063009714271078
rOk	រក	-5.775327641819297
tEp	ទើប	-7.161622002939187
krEN	គ្រឿង	-7.161622002939187
lA	ឡា	-5.657544606162913
On	អន	-7.161622002939187
rA	រា	-5.908859034443819
cJt	តិ	-7.8547691834991324
mcA	ម្ចាស់	-7.449304075390969
dEk	ដឹក	-6.756156894831023
nQm	នាំ	-6.150021091260707
cAp	ចាប់	-6.350691786722859
pdEm	ផ្តើម	-7.449304075390969
sE	ស៊ី	-4.741253874288758
bAl	បាល	-5.839866162956868
rON	រង	-5.714703020002862
yO	យោ	-5.775327641819297
lJn	លាន	-7.449304075390969
nJY	នាញ	-8.547916364059079
kEc	កិច្ច	-6.756156894831023
cOp	ជួប	-6.245331271065032
cEN	ជើង	-5.839866162956868
strEy	ស្ត្រី	-8.547916364059079
tEY	ទិញ	-8.547916364059079
prAp	ប្រាប់	-8.547916364059079
dEy	ដី	-6.350691786722859
bAy	បាយ	-6.350691786722859
Ek	ឯក	-6.938478451624977
tOt	ទូត	-6.602006215003764
klA	ខ្លះ	-6.938478451624977
sA	សា	-4.0935690678055705
tnAk	ថ្នាក់	-7.449304075390969
cAN	ចាំង	-7.449304075390969
lAY	ឡាញ	-7.449304075390969
sAy	ស័យ	-6.468474822379242
cEt	ចិត្ត	-5.714703020002862
srEy	ស្រី	-6.756156894831023
dA	តា	-6.063009714271078
kAt	កាត់	-5.908859034443819
rAc	រេច	-7.449304075390969
cnJ	ឈ្នះ	-8.547916364059079
tQn	ទាន់	-6.602006215003764
slAp	ស្លាប់	-7.8547691834991324
mA	ម៉ា	-5.603477384892638
tAy	ថៃ	-7.8547691834991324
tQt	ទាត់	-6.756156894831023
cQp	ជាប់	-7.449304075390969
lAN	លាំង	-7.449304075390969
lOy	លុយ	-7.8547691834991324
rOc	រួច	-6.756156894831023
nOt	ណត់	-7.8547691834991324
dAY	តាញ	-8.547916364059079
sEt	សេដ	-6.150021091260707
pJk	ពាក់	-5.714703020002862
pAc	បច	-7.8547691834991324
prEk	ប្រឹ	-6.938478451624977
sEk	សិ	-7.8547691834991324
nOc	ណុច	-7.449304075390969
kEy	កី	-7.161622002939187
vJN	វាង	-7.449304075390969
tJk	ទាក់	-7.449304075390969
tON	ទង	-6.350691786722859
rJc	រាជ	-6.602006215003764
tJ	ធ	-5.146718982396923
tlEN	ថ្លែង	-8.547916364059079
klAy	ក្លាយ	-7.161622002939187
nON	ណង	-6.468474822379242
lEt	លិត	-7.449304075390969
kmEN	ក្មេង	-7.8547691834991324
vQn	វាន់	-7.8547691834991324
YA	ជ្ញា	-5.839866162956868
vQt	វត្ត	-5.9829670065975415
cnOt	ឆ្នោត	-7.8547691834991324
nEt	ណិត	-6.063009714271078
krAv	ក្រៅ	-7.8547691834991324
lAt	លទ	-7.449304075390969
nJ	នា	-5.412422148129928
sAp	សប	-6.938478451624977
pdA	តាហ៍	-7.8547691834991324
tlQp	ធ្លាប់	-8.547916364059079
hA	ហា	-5.412422148129928
ksE	ខ្សែ	-7.449304075390969
pA	ប	-5.252079498054749
clON	ឆ្លង	-7.449304075390969
krQp	គ្រាប់	-7.8547691834991324
kAY	កញ	-7.161622002939187
tOc	តួច	-6.938478451624977
EN	ឯង	-7.449304075390969
sAt	សាទ	-6.602006215003764
hOt	ហូត	-7.449304075390969
cEk	ចែក	-6.245331271065032
pQ	ពណ៌	-7.161622002939187
bJp	បៀប	-8.547916364059079
rEt	រិត	-6.756156894831023
tOk	ទុក	-5.908859034443819
svEN	ស្វែង	-7.8547691834991324
psA	ផ្សារ	-7.161622002939187
pyJ	ព្យា	-7.161622002939187
skQl	ស្គាល់	-7.8547691834991324
dAl	តាល	-6.756156894831023
lJ	លា	-6.468474822379242
cAm	ចាំ	-6.468474822379242
ptQl	ផ្ទាល់	-7.161622002939187
srAy	ស្រាយ	-6.938478451624977
nEk	ណែក	-6.756156894831023
tAN	តាំង	-6.756156894831023
hEl	ហែល	-7.8547691834991324
An	អាន	-8.547916364059079
rJk	រក	-7.449304075390969
stEt	ស្ថិត	-7.8547691834991324
crE	ជ្រើស	-7.8547691834991324
vJt	វៀត	-7.8547691834991324
nAm	ណាំ	-7.449304075390969
nAy	ណាយ	-8.547916364059079
bEp	បែប	-6.938478451624977
plA	ផ្លាស់	-7.8547691834991324
pdO	ប្តូរ	-7.8547691834991324
dAy	ដៃ	-6.468474822379242
kEn	កើន	-7.161622002939187
bOY	បញ	-7.8547691834991324
At	អត	-6.245331271065032
bOt	បទ	-5.908859034443819
bAc	បាច់	-7.8547691834991324
rOY	រុញ	-7.449304075390969
mAn	មាណ	-7.449304075390969
prOm	ព្រម	-6.602006215003764
cOk	ជោគ	-6.938478451624977
cEy	ជ័យ	-6.245331271065032
krQn	គ្រាន់	-7.449304075390969
lJk	លាក់	-6.602006215003764
yOp	យប់	-8.547916364059079
tEN	តែង	-6.350691786722859
tlJk	ធ្លាក់	-7.8547691834991324
lbEN	ល្បែង	-8.547916364059079
cAk	ចក្រ	-6.468474822379242
NJy	ងាយ	-7.8547691834991324
srOl	ស្រួល	-7.8547691834991324
sJm	សៀម	-8.547916364059079
YAt	ញាត	-8.547916364059079
rJn	រៀន	-6.938478451624977
nEc	ណិជ	-6.938478451624977
dEt	ឌិត	-7.161622002939187
vAk	វ៉ាក់	-7.8547691834991324
sAN	សាង	-6.938478451624977
rQl	រាល់	-7.161622002939187
tOy	ថយ	-7.449304075390969
yON	យោង	-7.449304075390969
bEt	បិទ	-7.8547691834991324
slOt	ស្លត	-7.8547691834991324
ON	អង	-6.150021091260707
dON	ដង	-6.602006215003764
mdON	ម្តង	-7.449304075390969
plJm	ភ្លាម	-8.547916364059079
srAv	ស្រាវ	-8.547916364059079
crJv	ជ្រាវ	-8.547916364059079
trON	ត្រង់	-6.468474822379242
tbON	ត្បូង	-7.8547691834991324
nOm	នោម	-6.602006215003764
Op	អប់	-7.161622002939187
srOp	ស្រប	-7.449304075390969
bA	បា	-6.602006215003764
Ot	អត់	-6.602006215003764
cJm	ឈាម	-8.547916364059079
rJy	រាយ	-7.449304075390969
trEm	ត្រឹម	-7.449304075390969
kOp	កប់	-6.938478451624977
stAn	ស្ថាន	-6.756156894831023
yOt	យុទ	-6.756156894831023
tnAm	ថ្នាំ	-7.449304075390969
kbAl	ក្បាល	-7.8547691834991324
AN	អាង	-7.449304075390969
nAN	ណាង	-7.161622002939187
NO	ង	-7.8547691834991324
lON	លង	-5.839866162956868
hAv	ហៅ	-7.161622002939187
sOn	សន	-5.503393926335655
sOk	សុខ	-6.063009714271078
sAn	សាន្ត	-7.161622002939187
tyJ	ទ្យា	-6.756156894831023
sbEk	ស្បែក	-7.8547691834991324
tEy	ទៃ	-7.449304075390969
pYJv	ភ្ញៀវ	-8.547916364059079
rAN	រាំង	-7.8547691834991324
cbA	ច្បាស់	-6.938478451624977
yOl	យល់	-6.602006215003764
nOy	នួយ	-7.161622002939187
klE	គ្លេស	-7.449304075390969
kJ	គ	-5.714703020002862
cA	ច	-6.063009714271078
AY	អញ	-7.8547691834991324
kOl	គោល	-5.908859034443819
dAv	ដៅ	-6.756156894831023
vA	វ៉ា	-6.756156894831023
E	អ៊ី	-5.3698625337111325
hOm	ហម	-7.161622002939187
mOt	មុទ្រ	-7.449304075390969
klEp	ក្លឹប	-7.8547691834991324
yJm	យាម	-8.547916364059079
nAc	ណាច	-8.547916364059079
lOp	លុប	-6.468474822379242
lAp	លាប់	-8.547916364059079
pcQp	ភ្ជាប់	-7.449304075390969
vJk	វគ្គ	-8.547916364059079
bAt	បាត់	-6.245331271065032
pEn	ផែន	-6.756156894831023
cJn	ឈាន	-7.8547691834991324
rEv	រូវ	-7.8547691834991324
fE	ហ្វេស	-7.449304075390969
bOk	បក	-5.9829670065975415
tQm	ធម	-7.161622002939187
mJ	ម	-5.657544606162913
srO	ស្រ	-6.350691786722859
dOk	ដក	-7.161622002939187
pQl	ពាល់	-7.8547691834991324
Ey	អី	-6.938478451624977
lEv	ឡូវ	-7.8547691834991324
tEc	តិច	-6.756156894831023
vAp	វប	-8.547916364059079
tQ	ធម៌	-6.756156894831023
En	អ៊ីន	-6.602006215003764
stA	ស្ថា	-7.449304075390969
hO	ហោះ	-5.714703020002862
tOp	ទប់	-6.602006215003764
sdEN	ស្តែង	-7.8547691834991324
mdAy	ម្តាយ	-7.8547691834991324
lbEy	ល្បី	-7.8547691834991324
cOc	ចុច	-8.547916364059079
hEt	តុ	-8.547916364059079
vEc	វិជ	-6.602006215003764
vJy	វាយ	-7.161622002939187
tAn	ដ្ឋាន	-6.602006215003764
lEn	លឿន	-7.161622002939187
lOm	លំ	-6.063009714271078
bAk	បាក	-6.756156894831023
rOy	រយ	-7.8547691834991324
rOn	រន្ធ	-7.161622002939187
mEt	មិត្ត	-6.468474822379242
sdAp	ស្តាប់	-8.547916364059079
nJy	នាយ	-8.547916364059079
mAk	ម៉ាក់	-7.449304075390969
tEn	ទិន	-7.161622002939187
rJN	រៀង	-6.150021091260707
clEy	ឆ្លើយ	-7.8547691834991324
rQp	រាប់	-7.449304075390969
pOm	ពុំ	-7.161622002939187
hE	ហិ	-6.938478451624977
rAY	រញ	-8.547916364059079
trOt	ត្រួត	-8.547916364059079
tJm	ទាម	-8.547916364059079
sEy	សី	-6.938478451624977
yA	យា	-6.602006215003764
nEp	នើប	-8.547916364059079
vO	វ	-7.449304075390969
krJm	គ្រាម	-7.8547691834991324
nJm	នាម	-8.547916364059079
dEn	ដែន	-6.938478451624977
bOp	បប	-7.8547691834991324
tnO	ធ្នូ	-7.8547691834991324
kON	កង	-5.9829670065975415
kAy	កាយ	-7.8547691834991324
psAy	ផ្សាយ	-7.161622002939187
mOl	មូល	-6.756156894831023
sOY	សញ	-8.547916364059079
sdEy	ស្តី	-6.756156894831023
sJn	ស៊ាន	-8.547916364059079
lEc	លេច	-6.938478451624977
hAN	ហាង	-7.8547691834991324
yOm	យម	-7.161622002939187
tNOn	ធ្ងន់	-7.449304075390969
tNO	ធ្ងរ	-8.547916364059079
prJN	ព្រៀង	-7.8547691834991324
nEY	និញ	-7.8547691834991324
cOY	ជញ	-7.449304075390969
tJY	ទាញ	-7.449304075390969
dEv	ដូវ	-7.8547691834991324
sAk	សាក	-6.468474822379242
lbON	ល្បង	-8.547916364059079
kdAv	ក្តៅ	-7.8547691834991324
rOl	រួល	-7.8547691834991324
mQt	មាត់	-7.8547691834991324
rJl	រៀល	-7.8547691834991324
prEt	ព្រឹទ	-7.161622002939187
pAk	បក្ស	-7.8547691834991324
skAt	ស្កាត់	-8.547916364059079
klEy	ខ្លី	-8.547916364059079
ptEy	ផ្ទៃ	-6.938478451624977
kmAv	ខ្មៅ	-7.8547691834991324
tOn	ទន	-5.9829670065975415
trJm	ត្រៀម	-7.8547691834991324
vOt	វុធ	-7.449304075390969
plEN	ភ្លើង	-6.938478451624977
pYJk	ភ្ញាក់	-7.8547691834991324
cEm	ញ្ចឹម	-7.8547691834991324
lOc	លួច	-8.547916364059079
lAn	ឡាន	-8.547916364059079
rAt	រ៉ាត់	-7.8547691834991324
tEt	ទិត្យ	-7.449304075390969
tJp	ធៀប	-7.449304075390969
sJl	សៀល	-8.547916364059079
smE	ស្មើ	-8.547916364059079
pEN	ពឹង	-7.8547691834991324
sJv	សៀវ	-8.547916364059079
pOv	ពៅ	-7.449304075390969
tmO	ថ្ម	-8.547916364059079
srON	ស្រង់	-7.449304075390969
pEk	ពេក	-6.150021091260707
rEn	រើន	-7.449304075390969
snE	ស្នើ	-6.938478451624977
snAk	ស្នាក់	-8.547916364059079
ptOk	ផ្ទុក	-8.547916364059079
krAp	ក្រាប	-8.547916364059079
kyOl	ខ្យល់	-8.547916364059079
cOt	ចោទ	-6.756156894831023
cNAy	ឆ្ងាយ	-8.547916364059079
sEv	សូវ	-8.547916364059079
krEn	ក្រែន	-8.547916364059079
pkOt	ផ្គត់	-8.547916364059079
pkON	ផ្គង់	-8.547916364059079
nAk	ណាក់	-7.161622002939187
prEy	ព្រៃ	-7.161622002939187
pdEy	ប្តី	-7.8547691834991324
dAn	ដាន	-8.547916364059079
vEl	វិល	-7.161622002939187
krOk	រក់	-7.8547691834991324
mAy	ម័យ	-6.938478451624977
mQm	មាំ	-8.547916364059079
dJ	ណ្ឌា	-7.449304075390969
lNJc	ល្ងាច	-8.547916364059079
nQn	នាន់	-8.547916364059079
NOn	ងន់	-7.8547691834991324
trOv	ត្រូវ	-8.547916364059079
YAm	ញ៉ាំ	-8.547916364059079
ptO	ផ្ទុះ	-7.8547691834991324
pEy	ភ័យ	-6.602006215003764
lbEn	ល្បឿន	-8.547916364059079
msEl	ម្សិល	-8.547916364059079
mEY	មិញ	-7.449304075390969
pdOt	ផ្តោត	-7.8547691834991324
lmE	ល្មើស	-7.8547691834991324
srAp	ស្រាប់	-7.8547691834991324
Av	អាវ	-7.161622002939187
YJn	ញៀន	-7.161622002939187
rAn	រាណ	-8.547916364059079
plE	ផ្លែ	-6.938478451624977
lQ	លាស់	-7.8547691834991324
bEn	បិន	-7.449304075390969
prEN	ប្រឹង	-6.756156894831023
Ev	ឪ	-7.8547691834991324
rJ	រា	-6.063009714271078
plAY	ផ្លាញ	-8.547916364059079
dAp	ដាប់	-7.449304075390969
pEp	ភើប	-8.547916364059079
hJn	ហាន	-7.449304075390969
cAY	ចាញ់	-8.547916364059079
pJn	ពាន	-6.938478451624977
tJv	ទាវ	-8.547916364059079
lEY	លេញ	-8.547916364059079
dAm	ដាំ	-7.8547691834991324
kQl	គាល់	-7.8547691834991324
spJn	ស្ពាន	-8.547916364059079
cQn	ជាន់	-7.8547691834991324
klAc	ខ្លាច	-7.8547691834991324
kEN	គេង	-7.161622002939187
tJy	ទាយ	-8.547916364059079
cAt	ចាត់	-6.602006215003764
hEN	ហិ	-7.161622002939187
cEp	ជីព	-7.8547691834991324
tyO	ទ្យុ	-7.8547691834991324
pYE	ផ្ញើ	-7.449304075390969
tyOm	យម	-8.547916364059079
kOc	ខូច	-7.449304075390969
kEv	កែវ	-7.8547691834991324
nEn	ណើន	-7.8547691834991324
tvJ	ទ្វារ	-7.8547691834991324
ptE	ផ្ទេរ	-8.547916364059079
rEy	រី	-6.350691786722859
sOp	សព	-7.449304075390969
Ok	ឧក	-7.449304075390969
sOl	សល់	-6.756156894831023
snA	នា	-6.938478451624977
kvA	ខ្វះ	-7.8547691834991324
pyO	ព្យូ	-7.449304075390969
srA	ស្រា	-7.449304075390969
vEN	វែង	-6.756156894831023
kJv	ខៀវ	-8.547916364059079
pnJk	ភ្នាក់	-7.8547691834991324
sEp	ស៊ើប	-7.8547691834991324
trAm	ត្រាំ	-8.547916364059079
pJt	ពាធ	-8.547916364059079
nOl	ណូល	-7.161622002939187
prON	ប្រុង	-8.547916364059079
yAt	យ័ត្ន	-7.8547691834991324
kOy	គុយ	-7.8547691834991324
cpO	ឆ្ពោះ	-8.547916364059079
hJ	ហារ	-8.547916364059079
knE	គ្នេយ៍	-8.547916364059079
prOy	ព្រួយ	-8.547916364059079
mAY	មញ្ញ	-7.8547691834991324
ptOy	ផ្ទុយ	-8.547916364059079
prOl	ប្រួល	-8.547916364059079
sdAc	ស្តេច	-8.547916364059079
nOp	នួប	-7.8547691834991324
rAk	រាក	-7.449304075390969
snAm	ស្នាម	-8.547916364059079
cAy	ចាយ	-6.938478451624977
crOk	ច្រក	-7.449304075390969
OY	អញ	-8.547916364059079
srEv	ស្រូវ	-8.547916364059079
kOk	កក	-6.245331271065032
plEk	ប្លែក	-8.547916364059079
nOY	នួញ	-7.8547691834991324
trA	ត្រា	-6.756156894831023
dOt	ដោត	-7.8547691834991324
strA	ស្ត្រា	-7.449304075390969
kAp	កាប់	-7.449304075390969
hAt	ហាត់	-6.756156894831023
YEk	ញឹក	-7.8547691834991324
YQp	ញាប់	-8.547916364059079
mQn	មាន់	-8.547916364059079
sdA	ស្តារ	-8.547916364059079
tmEY	ធ្មេញ	-8.547916364059079
dOn	ដណ	-6.938478451624977
cAn	ចន្ទ	-6.938478451624977
plJN	ភ្លៀង	-7.8547691834991324
lQp	លាប់	-8.547916364059079
svA	ស្វា	-7.449304075390969
pdEN	ប្តឹង	-8.547916364059079
tlE	ធ្លី	-8.547916364059079
svAy	ស្វាយ	-7.8547691834991324
NAy	ងាយ	-8.547916364059079
slAk	ស្លាក	-7.8547691834991324
prAn	ប្រាណ	-8.547916364059079
smAt	ស្មាត	-8.547916364059079
fOn	ហ្វូន	-8.547916364059079
snON	ស្នង	-7.8547691834991324
crJN	ច្រៀង	-8.547916364059079
kbE	ក្បែរ	-7.8547691834991324
hAk	ហាក់	-7.8547691834991324
Al	អាល	-8.547916364059079
smA	ស្មារ	-7.8547691834991324
rdEy	តី	-8.547916364059079
srAl	ស្រាល	-8.547916364059079
sAY	សញ	-7.449304075390969
YAn	ញាណ	-8.547916364059079
plEc	ភ្លេច	-8.547916364059079
cnAN	ឆ្នាំង	-7.8547691834991324
pEc	ពេជ្រ	-8.547916364059079
pkA	ផ្កា	-7.8547691834991324
YO	ញ	-7.449304075390969
rAm	រាម	-8.547916364059079
nAt	ណាត់	-6.938478451624977
lJy	លាយ	-6.756156894831023
lJp	លាប	-7.8547691834991324
prJp	ប្រៀប	-7.8547691834991324
spE	ស្ពឺ	-8.547916364059079
rAv	រ៉ាវ	-8.547916364059079
cmOY	ឈ្មួញ	-8.547916364059079
kdA	តា	-8.547916364059079
hOc	ហោច	-8.547916364059079
cnAy	ច្នៃ	-7.449304075390969
stE	ស្ទើរ	-7.449304075390969
stON	ស្តង់	-8.547916364059079
pdOm	ផ្តុំ	-8.547916364059079
mEy	មី	-8.547916364059079
lbAY	ល្បាញ	-8.547916364059079
pOc	ពូជ	-8.547916364059079
lOt	លូត	-7.161622002939187
lJN	លាង	-7.449304075390969
sAv	សៅរ៍	-7.8547691834991324
sOt	សូត្រ	-6.468474822379242
bOl	បល់	-6.756156894831023
krJ	គ្រា	-8.547916364059079
bEN	បឹង	-7.8547691834991324
crJp	ជ្រាប	-8.547916364059079
El	អែល	-7.8547691834991324
NAt	ងាត់	-8.547916364059079
ksAt	ក្សត្រ	-8.547916364059079
lAv	ឡាវ	-8.547916364059079
vAn	វ៉ាន់	-7.161622002939187
srE	ស្រែ	-8.547916364059079
crOl	ជ្រុល	-8.547916364059079
nOk	នុក	-8.547916364059079
ktON	ខ្ទង់	-8.547916364059079
yAn	យ៉ាន់	-8.547916364059079
srAc	ស្រេច	-8.547916364059079
sdAm	ស្តាំ	-8.547916364059079
mdEc	ម្តេច	-8.547916364059079
mAt	ម័ត	-7.449304075390969
dJN	ដៀង	-8.547916364059079
cvEN	ឆ្វេង	-8.547916364059079
rJm	រាម	-7.449304075390969
kcEy	ខ្ចី	-8.547916364059079
krAm	ក្រាម	-7.8547691834991324
frEk	ហ្វ្រិក	-8.547916364059079
hEm	ហើម	-8.547916364059079
klAY	ខ្លាញ់	-8.547916364059079
hAm	ហាម	-7.8547691834991324
pdAc	ផ្តាច់	-6.756156894831023
smO	ស្មោះ	-8.547916364059079
klEm	ខ្លឹម	-8.547916364059079
kcO	ខ្ចោះ	-8.547916364059079
rJt	រាត	-8.547916364059079
tbAt	ត្បាត	-8.547916364059079
tnQp	ធ្នាប់	-8.547916364059079
knAt	ខ្នាត	-8.547916364059079
crO	ច្រ	-7.161622002939187
spAY	ស្ប៉ាញ	-8.547916364059079
kAv	កៅ	-7.8547691834991324
skO	ស្ករ	-8.547916364059079
ksOy	ខ្សោយ	-8.547916364059079
ckE	ឆ្កែ	-8.547916364059079
psOm	ផ្សំ	-7.8547691834991324
srEk	ស្រែក	-8.547916364059079
hEc	ហិក	-8.547916364059079
tvEp	ទ្វីប	-8.547916364059079
rAl	រាល	-7.8547691834991324
sNOt	ស្ងួត	-8.547916364059079
vEk	ហ្វឹក	-7.8547691834991324
bJ	បៀ	-7.8547691834991324
tnA	ថ្នា	-8.547916364059079
kmOm	ឃ្មុំ	-7.8547691834991324
pAy	ប៉ៃ	-8.547916364059079
mkAN	ម្ខាង	-8.547916364059079
prAm	ប្រាំ	-7.8547691834991324
tvAy	ថ្វាយ	-8.547916364059079
klEn	ក្លិន	-8.547916364059079
cnEm	ឆ្នើម	-8.547916364059079
cAv	ចៅ	-7.161622002939187
trQp	ទ្រព្យ	-8.547916364059079
sEl	ស៊ីល	-7.8547691834991324
yJk	យក្ស	-8.547916364059079
NJk	ងាក	-8.547916364059079
yE	យី	-7.8547691834991324
ptJN	ផ្ទាំង	-7.8547691834991324
klEN	ក្លែង	-8.547916364059079
vJl	វាល	-8.547916364059079
hON	ហុង	-7.161622002939187
vEp	វេប	-8.547916364059079
prQt	ព្រ័ត្រ	-8.547916364059079
sEN	សិង	-7.449304075390969
stEN	ស្ទឹង	-7.449304075390969
trEN	ត្រែង	-8.547916364059079
rQm	រាំ	-8.547916364059079
myAN	ម្យ៉ាង	-7.449304075390969
nAl	ណាល	-7.8547691834991324
pJN	ភាំង	-8.547916364059079
dEY	ដេញ	-7.449304075390969
sdAy	ស្តាយ	-7.8547691834991324
psEt	ផ្សិត	-8.547916364059079
msAv	ម្សៅ	-8.547916364059079
tlEm	ថ្លើម	-8.547916364059079
srOm	ស្រោម	-8.547916364059079
hOp	ហូប	-8.547916364059079
ksAc	ខ្សាច់	-8.547916364059079
pOy	ប៉ោយ	-8.547916364059079
yEt	យឺត	-7.8547691834991324
trJy	ទ្រាយ	-8.547916364059079
pdOc	ផ្តួច	-8.547916364059079
sbEy	ស្បើយ	-8.547916364059079
kmOy	ក្មួយ	-8.547916364059079
clO	ឆ្លុះ	-7.8547691834991324
snEt	ស្និទ្ធ	-8.547916364059079
smOk	ស្មុគ	-8.547916364059079
smAY	ស្មាញ	-8.547916364059079
krE	គ្រឹះ	-7.8547691834991324
tlO	ធ្លោ	-8.547916364059079
NEp	ងើប	-8.547916364059079
smAn	ស្ម័ន	-7.8547691834991324
cnOl	ឈ្នួល	-8.547916364059079
dOp	តប់	-7.161622002939187
klJN	ឃ្លាំង	-8.547916364059079
clAt	ឆ្លាត	-7.8547691834991324
yJN	យាង	-8.547916364059079
vQ	វាស់	-7.449304075390969
tAv	ថៅ	-8.547916364059079
vEn	វេណ	-7.449304075390969
sdOk	ស្តុក	-8.547916364059079
kbOn	ក្បួន	-8.547916364059079
lOn	លូន	-8.547916364059079
mAv	ម៉ៅ	-8.547916364059079
pEm	ផ្អែម	-7.449304075390969
YEm	ញឹម	-8.547916364059079
pdOn	ផ្តន	-8.547916364059079
srEN	ស្រេង	-8.547916364059079
klQm	ឃ្លាំ	-8.547916364059079
cnO	ច្នោះ	-8.547916364059079
cNAY	ឆ្ងាញ់	-8.547916364059079
crOv	ជ្រៅ	-7.8547691834991324
kpON	ខ្ពង់	-8.547916364059079
tnOl	ថ្នល់	-8.547916364059079
kAk	កាក់	-8.547916364059079
plOn	ប្លន់	-8.547916364059079
mhOp	ម្ហូប	-7.8547691834991324
plON	ប្លង់	-8.547916364059079
slEk	ស្លឹក	-8.547916364059079
vJn	វៀន	-7.8547691834991324
Ay	អាយ	-7.8547691834991324
nEm	ណើម	-8.547916364059079
lAm	ឡាំ	-8.547916364059079
bAN	បាំង	-7.161622002939187
tQl	ទាល់	-7.8547691834991324
hEp	ហើប	-8.547916364059079
NEt	ងឹត	-8.547916364059079
pkAy	ផ្កាយ	-8.547916364059079
yJn	យាន	-7.8547691834991324
slA	ស្លា	-8.547916364059079
bEl	បិល	-8.547916364059079
rJv	រាវ	-8.547916364059079
tyJn	ទ្យាន	-8.547916364059079
Ol	អុល	-8.547916364059079
sNOp	ស្ងប់	-8.547916364059079
sNAt	ស្ងាត់	-7.8547691834991324
mEN	ម៉េង	-7.8547691834991324
mrA	មរ	-8.547916364059079
NQp	ងាប់	-8.547916364059079
trAy	ន្ត្រៃយ៍	-8.547916364059079
Ab	អប	-8.547916364059079
slJk	ស្លៀក	-7.8547691834991324
kQp	គាប់	-7.8547691834991324
vOl	វល់	-7.8547691834991324
lJt	លាត	-8.547916364059079
bAp	បាប	-7.8547691834991324
kEp	ខេប	-7.8547691834991324
NOt	ងូត	-8.547916364059079
vAt	វ៉ាត់	-7.8547691834991324
hJN	ហៀង	-8.547916364059079
pdAm	ផ្តាំ	-8.547916364059079
crJl	ជ្រាល	-8.547916364059079
nQ	នាស់	-8.547916364059079
kcOp	ខ្ចប់	-8.547916364059079
klJ	ឃ្លា	-8.547916364059079
trQm	ទ្រាំ	-8.547916364059079
crON	ជ្រុង	-8.547916364059079
rEc	រិ	-8.547916364059079
YAp	ញាប់	-8.547916364059079
lEm	លឹម	-8.547916364059079
snOl	ស្នូល	-8.547916364059079
vAy	វ៉ៃ	-8.547916364059079
mEc	ម៉េច	-7.8547691834991324
lbAt	ល្បាត	-8.547916364059079
hAn	ហាន	-8.547916364059079
tbEt	ដ្បិត	-8.547916364059079
mEk	មេឃ	-8.547916364059079
vON	វង់	-7.449304075390969
clJt	ឆ្លៀត	-8.547916364059079
blOk	ប្លុក	-8.547916364059079
tmOt	ធ្មត់	-8.547916364059079
krEt	ក្រិដ	-8.547916364059079
sQm	ស៊ាំ	-8.547916364059079
ptQt	ផ្ទាត់	-8.547916364059079
kbOt	ក្បត់	-8.547916364059079
mdOm	ម្តុំ	-8.547916364059079
lmOm	ល្មម	-8.547916364059079
smAv	ស្មៅ	-8.547916364059079
sOv	ស៊ូវ	-8.547916364059079
smEy	មី	-8.547916364059079
krEm	ក្រែម	-8.547916364059079
sAm	សម	-7.8547691834991324
cQ	ជ័រ	-8.547916364059079
lyA	យ	-8.547916364059079
cmA	ឆ្មា	-8.547916364059079
lhEm	ល្ហែម	-8.547916364059079
kvOk	វក់	-8.547916364059079
sAl	សាល	-8.547916364059079
stEl	ស្ទីល	-8.547916364059079
kvOl	ខ្វល់	-8.547916364059079
lAk	លាក់	-7.8547691834991324
slAm	ស្លាម	-7.8547691834991324
cNOl	ឆ្ងល់	-8.547916364059079
Oc	អួច	-8.547916364059079
sEc	សេច	-7.449304075390969
lEp	លេប	-8.547916364059079
crAn	ច្រាន	-8.547916364059079
tlJy	ធ្លាយ	-8.547916364059079
clJn	ឈ្លាន	-8.547916364059079
vrE	រីយ៍	-8.547916364059079
mJk	មគ	-8.547916364059079
YON	ញង់	-8.547916364059079
plAk	ផ្លាក	-8.547916364059079
Q	អ័រ	-8.547916364059079
stOy	ស្ទួយ	-8.547916364059079
fEn	ហ្វេន	-8.547916364059079
tnOt	ត្នោត	-8.547916364059079
tkOl	ថ្កោល	-8.547916364059079
prAc	ប្រា	-8.547916364059079
stJ	ស្ទះ	-8.547916364059079
trE	ទ្រឹ	-7.449304075390969
krA	ក្រាស់	-8.547916364059079
mOm	មុំ	-8.547916364059079
mlE	ម្ល៉េះ	-8.547916364059079
rEp	រឹប	-8.547916364059079
pAt	បា	-8.547916364059079
sbOn	ស្បូន	-8.547916364059079
kJt	ឃាត	-7.8547691834991324
kcQp	ខ្ជាប់	-8.547916364059079
kbAc	ក្បាច់	-8.547916364059079
zEp	ហ្ស៊ីប	-8.547916364059079
rAy	រៃ	-8.547916364059079
pcOm	ភ្ជុំ	-8.547916364059079
mQ	មាស់	-8.547916364059079
lvEN	ល្វែង	-8.547916364059079
zA	ហ្សា	-8.547916364059079
pAl	ប៉ាល់	-8.547916364059079
kmOc	ខ្មោច	-8.547916364059079
kEk	កែក	-8.547916364059079
krAn	ក្រាន	-8.547916364059079
mrJm	ម្រាម	-8.547916364059079
Ak	អគ	-8.547916364059079
fEk	ហ្វិក	-8.547916364059079
plO	ភ្លោះ	-8.547916364059079
krEp	គ្រីប	-8.547916364059079
fO	ហ្វ	-8.547916364059079
krOc	ក្រូច	-8.547916364059079
strE	ស្ត្រេស	-8.547916364059079
hOk	ហក	-8.547916364059079
kJN	គាំង	-8.547916364059079
klJn	ឃ្លាន	-8.547916364059079
ckOt	ឆ្កួត	-8.547916364059079
