# input	best	alternatives
sous dey	សួស្តី	សួស្តី | សដី | សម្តី | សហើយ | សដែល
suosdey	សួស្តី	សួស្តី | សម្តី | សដី | សរស្តី | suosdey
sousdey bong	សួស្តីបង	សួស្តីបង | សួស្តីបង់ | សួស្តីចង់ | សួស្តីរង | សួស្តីត្បូង
orkun	អរគុណ	អរគុណ | កូន | អគុណ | អគុន | អគណ
arkun bong	អរគុណបង	អរគុណបង | អរគុណបង់ | អរគុណចង់ | អរគុណរង | អរគុណត្បូង
orkun chraen	អរគុណច្រើន	អរគុណច្រើន | អរគុណចិន | អរគុណច្រើនណាស់ | អរគុណជ្រើស | អរគុណ chraen
sok sabay te	សុខសប្បាយទេ	សុខសប្បាយទេ | សុខសប្បាយតែ | សុខសប្បាយទី | សុខសប្បាយតេ | សុខសប្បាយតើ
soksabay	សុខសប្បាយ	សុខសប្បាយ | សុខសបាយ | សុខសាបាយ | សុខសបៃ | soksabay
sok sabay jea te	សុខសប្បាយជាតិ	សុខសប្បាយជាតិ | សុខសប្បាយជាទេ | សុខសប្បាយជាទី | សុខសប្បាយជាតែ | សុខសប្បាយជាតេ
knhom sok sabay	ខ្ញុំសុខសប្បាយ	ខ្ញុំសុខសប្បាយ | ខ្ញុំសុខសម័យ | ខ្ញុំសុខសបាយ | ខ្ញុំសុខសបៃ | ខ្ញុំសុខសរសៃ
lea sen hoy	លាសែនហើយ	លាសែនហើយ | លាសែនឱ្យ | លាសែនដោយ | លាសែនមួយ | លាសែនអោយ
som tos	សុំទោស	សុំទោស | សូមទៅ | សូមត | សូមទោស | សូមទ
ot ey te	អត់អីទេ	អត់អីទេ | អត់អីតែ | អត់អីទី | អត់អីតេ | អត់អីតើ
chas	ចាស់	ចាស់ | ចាស | ច | ឆា | chas
bat	បាទ	បាទ | បទ | បាត់ | បាត | បត់
ot te	អត់ទេ	អត់ទេ | អត់តែ | អត់ទី | អត់តេ | អត់តើ
nham bai	ញ៉ាំបៃ	ញ៉ាំបៃ | ញ៉ាំបាយ | ញ៉ាំបាន | ញ៉ាំប | ខ្ញុំបាទ
nham bay hoy nov	ញ៉ាំបាយហើយនៅ	ញ៉ាំបាយហើយនៅ | ញ៉ាំបាយហើយនូវ | ញ៉ាំបាយហើយនោះ | ញ៉ាំបាយហើយទៅ | ញ៉ាំបាយហើយន
klean bai	ឃ្លានបៃ	ឃ្លានបៃ | ឃ្លានបាយ | ឃ្លានបាន | ឃ្លានប | ឃ្លានបាទ
chhnganh nas	ឆ្ងាញ់ណាស់	ឆ្ងាញ់ណាស់ | ឆ្ងាញ់ណា | ឆ្ងាញ់ណ | ឆ្ងាញ់ nas
nham ey	ញ៉ាំអី	ញ៉ាំអី | សម័យ | ញ៉ាំអើយ | ញ៉ាំ ey
tov nham bai	ទៅញ៉ាំបៃ	ទៅញ៉ាំបៃ | ទៅញ៉ាំបាយ | ទៅញ៉ាំបាន | ទៅញ៉ាំប | ទៅខ្ញុំបាទ
teuk	ទឹក	ទឹក | ទេ | លើក | ទើប | ទុក
kafe	កាហ្វេ	កាហ្វេ | ការ៉េ | ការហ្វេស | kafe
bay cha	បាយច	បាយច | បាយចាស់ | បាយចាស | បាយឆា | បាយ cha
ot mean te	អត់មានទេ	អត់មានទេ | អត់មានតែ | អត់មានទី | អត់មានតេ | អត់មានតើ
mean te	មានទេ	មានទេ | មានតែ | មានទី | មានតេ | មានតើ
knhom ot deng te	ខ្ញុំអត់ដឹងទេ	ខ្ញុំអត់ដឹងទេ | ខ្ញុំអត់ដឹងតែ | ខ្ញុំអត់ដឹងទី | ខ្ញុំអត់ដឹងថា | ខ្ញុំអត់ដឹងតេ
jg tov	ចង់ទៅ	ចង់ទៅ | ចង់នៅ | ចង់ត្រូវ | ចង់នូវ | ចង់ត
chong tov na	ចង់ទៅណា	ចង់ទៅណា | ចង់ទៅណ | ចង់ទៅណាស់ | ចង់តវ៉ា | ចង់ទៅ na
tov na	ទៅណា	ទៅណា | ទៅណ | ទៅណាស់ | តវ៉ា | ទៅ na
mok pi na	មកពីណា	មកពីណា | មកពីណ | មកពីណាស់ | មកពីនេះ | មកពិការ
nov na	នៅណា	នៅណា | នៅណ | នៅណាស់ | នរណា | នៅ na
nov pteah	នៅផ្ទះ	នៅផ្ទះ | នៅព្រះ | នៅផ្ទុះ | នៅផ្ទេរ | នៅផ្ទាំង
tov sala	ទៅសាលា	ទៅសាលា | ទៅសល្អ | ទៅសល់ | ទៅសឡា | ទៅសហ
tov rean	ទៅរៀន	ទៅរៀន | ទៅមាន | ទៅលាន | ទៅរាង | ទៅហ៊ាន
tveu ey	ធ្វើអី	ធ្វើអី | ធ្វើអើយ | ធ្វើ ey
kompung tveu ey	កំពុងធ្វើអី	កំពុងធ្វើអី | កំពុងធ្វើអើយ | កំពុងធ្វើ ey
tveu ka	ធ្វើការ	ធ្វើការ | ធ្វើក៏ | ធ្វើក | ធ្វើកា | ធ្វើការណ៍
chol chet	ចូលចិត្ត	ចូលចិត្ត | ចូលជិត | ចូលជាតិ | ចូលចិន | ចូលខេត្ត
srolanh oun	ស្រលាញ់អូន	ស្រលាញ់អូន | ស្រលាញ់អន | ស្រឡាញ់ oun
bong srolanh oun	បងស្រលាញ់អូន	បងស្រលាញ់អូន | បងស្រលាញ់អន | បងស្រឡាញ់ oun
nek oun	នឹកអូន	នឹកអូន | និពន្ធ | នឹកអន | នឹក oun
nek bong nas	នឹកបងណាស់	នឹកបងណាស់ | នឹកបងណា | នឹកបងណ | នឹកបង្ការ | នឹកបង nas
min deng te	មិនដឹងទេ	មិនដឹងទេ | មិនដឹងតែ | មិនដឹងទី | មិនដឹងតេ | មិនដឹងថា
ban hoy	បានហើយ	បានហើយ | បានឱ្យ | បានអោយ | បានជួយ | បានដោយ
ot ban te	អត់បានទេ	អត់បានទេ | អត់បានតែ | អត់បានទី | អត់បានតេ | អត់បានតើ
ban te	បានទេ	បានទេ | បានតែ | បានទី | បានតេ | បានតើ
cham bontech	ចំបន្តិច	ចំបន្តិច | ចំបន្ថែម | ចំបុណ្យតិច | ចំបនតិច | ចំ bontech
mok leng	មកលេង	មកលេង | មកឡើង | មកលែង | មកឡេង | មកលិង្គ
tov leng	ទៅលេង	ទៅលេង | ទៅឡើង | ទៅលែង | ទៅឡេង | ទៅលិង្គ
deng te	ដឹងទេ	ដឹងទេ | ដឹងតែ | ដឹងទី | ដឹងថា | ដឹងតេ
yol te	យល់ទេ	យល់ទេ | យល់តែ | យល់ទី | យល់តេ | យល់តើ
knhom yol hoy	ខ្ញុំយល់ហើយ	ខ្ញុំយល់ហើយ | ខ្ញុំយល់ឱ្យ | ខ្ញុំយល់ដោយ | ខ្ញុំយល់មួយ | ខ្ញុំយល់អោយ
chea mouy	ជាមួយ	ជាមួយ | ជាហើយ | ជាមុន | ជាឱ្យ | ជាមក
mdong tiet	ម្តងទៀត	ម្តងទៀត | ម្តងធាតុ | ម្តងទីឥត | ម្តងជាតិ | ម្តងទៀតទេ
pel na	ពេលណា	ពេលណា | ពេលណ | ពេលណាស់ | ពេល na
tngai nis	ថ្ងៃនេះ	ថ្ងៃនេះ | ថ្ងៃនី | ថ្ងៃនិ | ថ្ងៃ nis
saek	ស្អែក	ស្អែក | សែន | ស្បែក | បើក | សឯក
msel minh	ម្សិលមិញ	ម្សិលមិញ | មើលមិន | មើលមិញ | មើលវិញ | មើលទិញ
yub nis	យប់នេះ	យប់នេះ | រូបនេះ | យប់នី | យប់និ | យប់ nis
pel prik	ពេលព្រឹក	ពេលព្រឹក | ពេលប្រាក់ | ពេលរីក | ពេលប្រើ | ពេលផ្នែក
arun sous dey	អរុណសួស្តី	អរុណសួស្តី | អរុណសដី | អរុណសម្តី | អរុណសហើយ | អរុណសដែល
reatrey sous dey	រាត្រីសួស្តី	រាត្រីសួស្តី | រាត្រីសដី | រាត្រីសម្តី | រាត្រីសហើយ | រាត្រីសដែល
kom kheng	កុំខេង	កុំខេង | កុំខឹង | កុំគេង | កុំកែង | កុំនិង
kom pibak chet	កុំពិបាកចិត្ត	កុំពិបាកចិត្ត | កុំពិបាកជិត | កុំពិបាកជាតិ | កុំពិបាកចិន | កុំពិបាកខេត្ត
pibak chet	ពិបាកចិត្ត	ពិបាកចិត្ត | ពិបាកជិត | ពិបាកជាតិ | ពិបាកចិន | ពិបាកខេត្ត
sabay chet	សប្បាយចិត្ត	សប្បាយចិត្ត | សប្បាយជិត | សប្បាយជាតិ | សប្បាយចិន | សប្បាយខេត្ត
ot ey te bong	អត់អីទេបង	អត់អីទេបង | អត់អីទេបង់ | អត់អីទេចង់ | អត់អីទេរង | អត់អីទេត្បូង
luy	លុយ	លុយ | ហើយ | ឱ្យ | លោក | មួយ
ponman	ប៉ុន្មាន	ប៉ុន្មាន | ពន្ធមាណ | ponman
tlai ponman	ថ្លៃប៉ុន្មាន	ថ្លៃប៉ុន្មាន | ថ្លៃពន្ធមាណ | ថ្លៃ ponman
tlai nas	ថ្លៃណាស់	ថ្លៃណាស់ | ថ្លៃណា | ថ្លៃណ | ថ្លៃ nas
thok	តុ	តុ | ថោក | ទុក | ទុក្ខ | ទូក
kom tlai pek	កុំថ្លៃពេក	កុំថ្លៃពេក | កុំថ្លៃផ្អែក | កុំថ្លៃផឹក | កុំថ្លៃផេក | កុំថ្លៃពេល
chit	ជិត	ជិត | ចិត្ត | ជាតិ | គិត | ជិះ
chngay	ឆ្ងាយ	ឆ្ងាយ | ថ្ងៃ | ច្នៃ | ឆ្ងាញ់ | ចាយ
srok khmer	ស្រុកខ្មែរ	ស្រុកខ្មែរ | ស្រុកខែ | ស្រុកគឺ | ស្រុកគេ | ស្រុកខ្សែ
phnom penh	ភ្នំពេញ	ភ្នំពេញ | ភ្នំវិញ | ភ្នំទិញ | ភ្នំចេញ | ភ្នំពេល
siem reap	សៀមរាប	សៀមរាប | សូមរៀប | សូមភាព | សូមរាប់ | សូមទាប
kampuchea	កម្ពុជា	កម្ពុជា | កម្ពស់ជា | កម្ពស់ជះ | កម្ពស់ចៀស | កម្មពោះជា
khmer	ខ្មែរ	ខ្មែរ | ខែ | គឺ | គេ | ខ្សែ
pheasa khmer	ភាសាខ្មែរ	ភាសាខ្មែរ | ភាសាខែ | ភាសាគឺ | ភាសាគេ | ភាសាខ្សែ
niyay khmer	និយាយខ្មែរ	និយាយខ្មែរ | និយាយខែ | និយាយគឺ | និយាយគេ | និយាយខ្សែ
ches niyay khmer te	ចេះនិយាយខ្មែរទេ	ចេះនិយាយខ្មែរទេ | ចេះនិយាយខ្មែរតែ | ចេះនិយាយខ្មែរទី | ចេះនិយាយខ្មែរតេ | ចេះនិយាយខ្មែរតើ
ot ches te	អត់ចេះទេ	អត់ចេះទេ | អត់ចេះតែ | អត់ចេះទី | អត់ចេះតេ | អត់ចេះតើ
bong pros	បងប្រុស	បងប្រុស | បងព្រោះ | បងព្រះ | បងរ | បងព្រម
bong srey	បងស្រី	បងស្រី | បងស្ត្រី | បងត្រី | បងសេរី | បងព្រៃ
pa mak	ប៉ាម៉ាក់	ប៉ាម៉ាក់ | ប៉ាម៉ាក | ប៉ាអ្នក | ប៉ាមក | ប៉ាដាក់
mae	ម៉ែ	ម៉ែ | មេ | មី | mae
kmeng	ក្មេង	ក្មេង | គ្រឿង | គេង | ខេង | ខ្មែរ
mit pheak	មិត្តភក្តិ	មិត្តភក្តិ | មិត្តភ័ក្តិ | មិត្តភាគ | មិត្តពាក្យ | មិត្តពាក់
songsa	សង្សារ	សង្សារ | សង្ស័យ | សង្ឃស | សង្ឃសារ | សង្ហា
saat	សត្វ	សត្វ | ស្អាត | សអត់ | ស្លត | ស
srey saat	ស្រីស្អាត	ស្រីស្អាត | ស្រីសត្វ | ស្រីសអត់ | ស្រីស្លត | ស្រីស
saat nas	ស្អាតណាស់	ស្អាតណាស់ | ស្អាតណា | សាធារណៈ | ស្អាតណ | សត្វ nas
lor	ល្អ	ល្អ | ល | ឡ | ឡូ | លុះ
lor nas	ល្អណាស់	ល្អណាស់ | ល្អណា | ល្អណ | នរណា | ពណ៌ស
ot lor te	អត់ល្អទេ	អត់ល្អទេ | អត់ល្អតែ | អត់ល្អទី | អត់ល្អតេ | អត់ល្អតើ
chkuot	ឆ្កួត	ឆ្កួត | ឈុត | ឆ្នោត | ចោទ | ជូត
chos aeng	ចុះឯង	ចុះឯង | ចុះ aeng
aeng	ឯង	ឯង | aeng
ke	គេ	គេ | គឺ | ខែ | កែ | កេស
yeung	យើង	យើង | និង | នឹង | រឿង | ឡើង
neak	អ្នក	អ្នក | នាក់ | នាគ | ម្នាក់ | ពាក្យ
louk	លោក	លោក | លក់ | លើក | មក | ល្អ
ot mean luy te	អត់មានលុយទេ	អត់មានលុយទេ | អត់មានលុយតែ | អត់មានលុយទី | អត់មានលុយតេ | អត់មានលុយតើ
tov psar	ទៅផ្សារ	ទៅផ្សារ | ទៅផ្សា | ទៅសារ | ទៅផ្សាយ | ទៅស
tinh	ទិញ	ទិញ | វិញ | ទី | ទេ | ចេញ
lok	លោក	លោក | លក់ | មក | ល្អ | យក
tinh ey	ទិញអី	ទិញអី | ទីបី | ទិញអើយ | ទិញ ey
ot toan	អត់ទាន់	អត់ទាន់ | អត់ពាន់ | អត់ទៅអាន | អត់ទោះ | អត់មាន់
mok vinh	មកវិញ	មកវិញ | មកទិញ | មកចេញ | មកវី | មកមិញ
tov pteah	ទៅផ្ទះ	ទៅផ្ទះ | ទៅព្រះ | ទៅផ្ទុះ | ទៅផ្ទេរ | ទៅផ្ទាំង
cham	ចំ	ចំ | ចាំ | ឆ្នាំ | ញ៉ាំ | តាម
ot cham te	អត់ចំទេ	អត់ចំទេ | អត់ចំតែ | អត់ចំទី | អត់ចំតេ | អត់ចំតើ
kom plech	កុំភ្លេច	កុំភ្លេច | កំប្លែង | កុំផ្លូវ | កុំលិច | កុំលេច
chnam thmey	ឆ្នាំថ្មី	ឆ្នាំថ្មី | ឆ្នាំត្រី | ឆ្នាំធ្មេញ | ឆ្នាំតី | ឆ្នាំ thmey
sous dey chnam thmey	សួស្តីឆ្នាំថ្មី	សួស្តីឆ្នាំថ្មី | សួស្តីឆ្នាំត្រី | សួស្តីឆ្នាំធ្មេញ | សួស្តីឆ្នាំតី | សួស្តីឆ្នាំ thmey
rean khmer	រៀនខ្មែរ	រៀនខ្មែរ | រៀនខែ | រៀនគឺ | រៀនគេ | រៀនខ្សែ
tngai saek	ថ្ងៃស្អែក	ថ្ងៃស្អែក | ថ្ងៃសែន | ថ្ងៃស្បែក | ថ្ងៃបើក | ថ្ងៃសឯក
mouy	មួយ	មួយ | ហើយ | ឱ្យ | មក | មុន
pi	ពី	ពី | ពីរ | ភី | ភេ | ពិ
bei	បី	បី | ហើយ | អ្វី | ដី | នៃ
ot mean wifi te	អត់មាន wifi ទេ	អត់មាន wifi ទេ | អត់មាន wifi តែ | អត់មាន wifi ទី | អត់មាន wifi តេ | អត់មាន wifi តើ
ok bong	ok បង	ok បង | ok បង់ | ok ចង់ | ok រង | ok ត្បូង
sousdey	សួស្តី	សួស្តី | សម្តី | សដី | សរស្តី | sousdey
sousdeybong	សួស្តីបង	សួស្តីបង | សួស្តីបង់ | សរស្តីបង | sousdeybong
arkunbong	អរគុណបង	អរគុណបង | អរគុណបង់ | អគអនបង | arkunbong
orkunchraen	អរគុណច្រើន	អរគុណច្រើន | ឧកអនច្រើន | orkunchraen
soksabayte	សុខសប្បាយទេ	សុខសប្បាយទេ | សុខសប្បាយតែ | សុខសប្បាយទី | សុខសប្បាយតេ | សុខសប្បាយតើ
soksabayjeate	សុខសប្បាយជាតិ	សុខសប្បាយជាតិ | សុខសប្បាយជាទី | សុខសាបាយជាតែ | សុខសប្បាយជាទេ | សុខសប្បាយជាតែ
knhomsoksabay	ខ្ញុំសុខសប្បាយ	ខ្ញុំសុខសប្បាយ | ខ្ញុំសុខសាបាយ | ខ្ញុំសុខសបាយ | ខ្ញុំសុខសបៃ | knhomsoksabay
leasenhoy	លាសែនហើយ	លាសែនហើយ | leasenhoy
somtos	សុំទោស	សុំទោស | សូមទៅ | សម្រស់ | សម្បូរ | សូមត
oteyte	អត់អីទេ	អត់អីទេ | អត់អីតែ | អត់អីទី | អត់អីតេ | អត់អីតើ
otte	អត់ទេ	អត់ទេ | អត់តែ | អត់ | អត់ទី | នៅតែ
nhambai	ញ៉ាំបៃ	ញ៉ាំបៃ | ញ៉ាំបាយ | nhambai
nhambayhoynov	ញ៉ាំបាយហើយនៅ	ញ៉ាំបាយហើយនៅ | ញ៉ាំបាយហើយនូវ | nhambayhoynov
kleanbai	ឃ្លានបៃ	ឃ្លានបៃ | ឃ្លានបាយ | kleanbai
chhnganhnas	ឆ្ងាញ់ណាស់	ឆ្ងាញ់ណាស់ | ឆ្ងាញ់ណា | ឆ្ងាញ់ណ | chhnganhnas
nhamey	ញ៉ាំអី	ញ៉ាំអី | សម័យ | ញ៉ាំអើយ | ជ្ញាមី | nhamey
tovnhambai	ទៅញ៉ាំបៃ	ទៅញ៉ាំបៃ | ទៅញ៉ាំបាយ | tovnhambai
baycha	បាយច	បាយច | បាយចាស់ | បាយចាស | បាយឆា | baycha
otmeante	អត់មានទេ	អត់មានទេ | អត់មានតែ | អត់មានទី | អត់មានតេ | អត់មានតើ
meante	មានតែ	មានតែ | មានទេ | មានទី | មានតេ | មតិ
knhomotdengte	ខ្ញុំអត់ដឹងទេ	ខ្ញុំអត់ដឹងទេ | ខ្ញុំអត់ដឹងតែ | ខ្ញុំអត់ដឹងទី | ខ្ញុំអត់ដឹងតេ | ខ្ញុំអត់ដឹងតើ
jgtov	ចង់ទៅ	ចង់ទៅ | jgtov
chongtovna	ចង់ទៅណា	ចង់ទៅណា | ចង់ទៅណ | ចង់ទៅណាស់ | ចងទៅណា | chongtovna
tovna	ទៅណា	ទៅណា | ទៅណ | ទៅណាស់ | តវ៉ា | tovna
mokpina	មកពីណា	មកពីណា | មកពីណ | មកពីណាស់ | មុខពិណា | mokpina
novna	នៅណា	នៅណា | នៅណ | នៅណាស់ | នរណា | novna
novpteah	នៅផ្ទះ	នៅផ្ទះ | នៅផ្ទេរអស់ | នៅផ្ទេរអា | នៅផ្ទេរអ | នៅផ្ទេរអារ
tovsala	ទៅសាលា	ទៅសាលា | ទៅសល្អ | ទៅសឡា | ទៅសឡ | ទៅសាឡា
tovrean	ទៅរៀន	ទៅរៀន | ទៅរ៉ែអាន | tovrean
tveuey	ធ្វើអី	ធ្វើអី | ធ្វើអើយ | tveuey
kompungtveuey	កំពុងធ្វើអី	កំពុងធ្វើអី | កំពុងធ្វើអើយ | កំពង់ធ្វើអី | kompungtveuey
tveuka	ធ្វើការ	ធ្វើការ | ធ្វើក៏ | ធ្វើក | ធ្វើកា | ធ្វើការណ៍
cholchet	ចូលចិត្ត	ចូលចិត្ត | ចូលជិត | cholchet
srolanhoun	ស្រលាញ់អូន	ស្រលាញ់អូន | ស្រឡានហ៊ុន | ស្រស់ឡានហ៊ុន | srolanhoun
bongsrolanhoun	បងស្រលាញ់អូន	បងស្រលាញ់អូន | បងស្រឡានហ៊ុន | bongsrolanhoun | បងស្រស់ឡានហ៊ុន
nekoun	នេះកូន	នេះកូន | នឹកអូន | នេះគុណ | និពន្ធ | នេះគុន
nekbongnas	ណែកបងណា	ណែកបងណា | នឹកបងណាស់ | នឹកបងណា | នឹកបងណ | nekbongnas
mindengte	មិនដឹងទេ	មិនដឹងទេ | មិនដឹងតែ | មិនដឹងទី | មិនដឹងតេ | មិនដឹងតើ
banhoy	បានហើយ	បានហើយ | បាញ់ឱ្យ | បាញ់អោយ | បញឱ្យ | banhoy
otbante	អត់បានទេ	អត់បានទេ | អត់បានតែ | អត់បានទី | អត់បានតេ | អត់បានតើ
bante	បានទេ	បានទេ | បានតែ | បន្ត | បានទី | កាន់តែ
chambontech	ចំបន្តិច	ចំបន្តិច | ចាំបនតិច | ចំបុណ្យតិច | chambontech
mokleng	មកលេង	មកលេង | មកឡើង | មកលែង | មកឡេង | មកលិង្គ
tovleng	ទៅលេង	ទៅលេង | ទៅឡើង | ទៅលែង | ទៅឡេង | ទៅលិង្គ
dengte	ដឹងទេ	ដឹងទេ | ដឹងតែ | ដឹងថា | តែងតែ | ដឹងទី
yolte	យល់ទេ	យល់ទេ | យល់តែ | យល់ទី | យល់តេ | យល់តើ
knhomyolhoy	ខ្ញុំយល់ហើយ	ខ្ញុំយល់ហើយ | knhomyolhoy
cheamouy	ជាមួយ	ជាមួយ | ឈាមឱ្យ | ជាមុន | ឈាមអោយ | cheamouy
mdongtiet	ម្តងទៀត	ម្តងទៀត | ម្តងធាតុ | ម្តងទីឥត | ម្តងទីអេដស៍ | mdongtiet
pelna	ពេលណា	ពេលណា | ពេលណ | ពេលណាស់ | pelna
tngainis	ថ្ងៃនេះ	ថ្ងៃនេះ | ថ្ងៃនី | ថ្ងៃនិ | tngainis
mselminh	ម្សិលមិញ	ម្សិលមិញ | mselminh
yubnis	យប់នេះ	យប់នេះ | រូបនេះ | យប់នី | yubnis
pelprik	ពេលព្រឹក	ពេលព្រឹក | ពេលប្រឹ | pelprik
arunsousdey	អរុណសួស្តី	អរុណសួស្តី | អារន្ធសរស្តី | អរុណសដី | arunsousdey
reatreysousdey	រាត្រីសួស្តី	រាត្រីសួស្តី | រាត្រីសរស្តី | រាត្រីសដី | reatreysousdey
komkheng	កុំខេង	កុំខេង | កុំខឹង | កុំគេង | កុំកែង | កំគេង
kompibakchet	កុំពិបាកចិត្ត	កុំពិបាកចិត្ត | កុំពិបាកជិត | កំពិបាកចិត្ត | kompibakchet
pibakchet	ពិបាកចិត្ត	ពិបាកចិត្ត | ពិបាកជិត | pibakchet
sabaychet	សប្បាយចិត្ត	សប្បាយចិត្ត | សប្បាយជិត | សាបាយចិត្ត | sabaychet
oteytebong	អត់អីទេបង	អត់អីទេបង | អត់អីទេបង់ | ឧទៃតែបង | អត់អីទើបអង្គ | oteytebong
tlaiponman	ថ្លៃប៉ុន្មាន	ថ្លៃប៉ុន្មាន | ថ្លៃពន្ធមាណ | tlaiponman
tlainas	ថ្លៃណាស់	ថ្លៃណាស់ | ថ្លៃណា | ថ្លៃណ | tlainas
komtlaipek	កុំថ្លៃពេក	កុំថ្លៃពេក | កំថ្លៃពេក | កុំថ្លៃផ្អែក | កុំថ្លៃផឹក | កុំថ្លៃផេក
srokkhmer	ស្រុកខ្មែរ	ស្រុកខ្មែរ | ស្រុកមេ | ស្រុកម៉ែ | ស្រុកមី | srokkhmer
phnompenh	ភ្នំពេញ	ភ្នំពេញ | phnompenh
siemreap	សៀមរាប	សៀមរាប | សៀមរៀប | siemreap
pheasakhmer	ភាសាខ្មែរ	ភាសាខ្មែរ | ពាសក់មេ | ពាសក់ម៉ែ | pheasakhmer | ពាសក់មី
niyaykhmer	ន័យអាយខ្មែរ	ន័យអាយខ្មែរ | នៃអាយខ្មែរ | niyaykhmer
chesniyaykhmerte	chesniyaykhmerte	chesniyaykhmerte | ចេះនៃអាយខ្មែរទេ | ចេះនៃអាយខ្មែរតែ | ចេះនៃអាយខ្មែរទី | ចេះនៃអាយខ្មែរតេ
otcheste	អត់ចេះទេ	អត់ចេះទេ | អត់ចេះតែ | អត់ជីស្ទើរ | អត់ចេះទី | អត់ចេះតេ
bongpros	បងប្រុស	បងប្រុស | បងព្រោះ | បងប្រ | bongpros
bongsrey	បងស្រី	បងស្រី | bongsrey
pamak	ប៉ាម៉ាក់	ប៉ាម៉ាក់ | ប៉ាម៉ាក | បម៉ាក់ | pamak
mitpheak	មិត្តភក្តិ	មិត្តភក្តិ | មិត្តភ័ក្តិ | មិត្តភាគ | មិត្តពាក្យ | មិត្តពាក់
sreysaat	ស្រីស្អាត	ស្រីស្អាត | ស្រីសត្វ | ស្រីសអត់ | ស្រីសាទ | sreysaat
saatnas	ស្អាតណាស់	ស្អាតណាស់ | សាធារណៈ | ស្អាតណា | ស្អាតណ | សាទណា
lornas	ល្អណាស់	ល្អណាស់ | នរណា | ល្អណា | ល្អណ | ពណ៌ស
otlorte	អត់ល្អទេ	អត់ល្អទេ | អត់ល្អតែ | អត់ល្អទី | អត់ល្អតេ | អត់លូតអ៊ី
chosaeng	ចុះឯង	ចុះឯង | ជសេង | ចុះសិង | chosaeng
otmeanluyte	អត់មានលុយទេ	អត់មានលុយទេ | អត់មានលុយតែ | អត់មានលុយទី | អត់មានលុយតេ | អត់មានលុយតើ
tovpsar	ទៅផ្សារ	ទៅផ្សារ | ទៅផ្សា | tovpsar
tinhey	ទិញអី	ទិញអី | ទីបី | ទិញអើយ | ទិនហើយ | tinhey
ottoan	អត់ទាន់	អត់ទាន់ | អត់ទៅអាន | ឧទាន់ | ottoan
mokvinh	មកវិញ	មកវិញ | មុខវិញ | mokvinh
tovpteah	ទៅផ្ទះ	ទៅផ្ទះ | ទៅផ្ទេរអស់ | ទៅផ្ទេរអា | ទៅផ្ទេរអ | ទៅផ្ទេរអារ
otchamte	អត់ចំទេ	អត់ចំទេ | អត់ចំតែ | អត់ចាំតែ | អត់ចំទី | អត់ចំតេ
komplech	កុំភ្លេច	កុំភ្លេច | កំប្លែង | កំភ្លេច | komplech
chnamthmey	ឆ្នាំថ្មី	ឆ្នាំថ្មី | chnamthmey
sousdeychnamthmey	សួស្តីឆ្នាំថ្មី	សួស្តីឆ្នាំថ្មី | សរស្តីឆ្នាំថ្មី | sousdeychnamthmey
reankhmer	រៀនខ្មែរ	រៀនខ្មែរ | reankhmer
tngaisaek	ថ្ងៃស្អែក	ថ្ងៃស្អែក | ថ្ងៃសឯក | ថ្ងៃសិ | tngaisaek
otmeanwifite	អត់មានវិហ្វេសតែ	អត់មានវិហ្វេសតែ | otmeanwifite
okbong	អ៊ុកបង	អ៊ុកបង | អ៊ុកបង់ | ឧកបង | okbong
sok sabay te?	សុខសប្បាយទេ?	សុខសប្បាយទេ? | សុខសប្បាយតែ? | សុខសប្បាយទី? | សុខសប្បាយតេ? | សុខសប្បាយតើ?
Orkun Bong!	អរគុណបង!	អរគុណបង! | អរគុណបង់! | អរគុណចង់! | អរគុណរង! | អរគុណត្បូង!
send photo mok	send photo មក	send photo មក | send photo មុខ | send photo មួក | send photo លោក | send photo យក
iPhone thmey	iPhone ថ្មី	iPhone ថ្មី | iPhone ត្រី | iPhone ធ្មេញ | iPhone តី | iPhone thmey
knhom chmous sreymom	ខ្ញុំឈ្មោះស្រីមុំ	ខ្ញុំឈ្មោះស្រីមុំ | ខ្ញុំឈ្មោះ sreymom
xyzq bong	xyzq បង	xyzq បង | xyzq បង់ | xyzq ចង់ | xyzq រង | xyzq ត្បូង
or kun	អរគុណ	អរគុណ | អកូន | អគុណ | អគុន | អគណ
orkunbong	អរគុណបង	អរគុណបង | អរគុណបង់ | ឧកអនបង | orkunbong
bong luy	បង់លុយ	បង់លុយ | បងហើយ | បងឱ្យ | បងលោក | បងមួយ
Kâmpŭchéa	កម្ពុជា	កម្ពុជា | កម្ពស់ជា | កម្ពស់ជះ | កម្ពស់ចៀស | កម្មពោះជា
l'or nas	ល្អណាស់	ល្អណាស់ | ល្អណា | ល្អណ | នរណា | ពណ៌ស
123 te	123 ទេ	123 ទេ | 123 តែ | 123 ទី | 123 តេ | 123 តើ
te, te. te	ទេ, ទេ. ទេ	ទេ, ទេ. ទេ | តែ, ទេ. ទេ | ទី, ទេ. ទេ | តេ, ទេ. ទេ | តើ, ទេ. ទេ
sok saba	សុខសប្បាយ	សុខសប្បាយ | សុខសប | សុខសបា | សុខសប្តាហ៍ | សុខសាលា
orku	អរគុណ	អរគុណ | អគូ | ក៏ | អគួរ | អកូ
hello?	hello?	hello? | ហេតុ? | គីឡូ? | ហេល? | ហេល្អ?
jg tov na	ចង់ទៅណា	ចង់ទៅណា | ចង់ទៅណ | ចង់ទៅណាស់ | ចង់តវ៉ា | ចង់ទៅ na
sous dey bong, sok sabay te?	សួស្តីបង, សុខសប្បាយទេ?	សួស្តីបង, សុខសប្បាយទេ? | សួស្តីបង់, សុខសប្បាយទេ? | សួស្តីចង់, សុខសប្បាយទេ? | សួស្តីរង, សុខសប្បាយទេ? | សួស្តីត្បូង, សុខសប្បាយទេ?
nham bai hoy nov bong	ញ៉ាំបាយហើយនៅបង	ញ៉ាំបាយហើយនៅបង | ញ៉ាំបាយហើយនៅបង់ | ញ៉ាំបាយហើយនៅចង់ | ញ៉ាំបាយហើយនៅរង | ញ៉ាំបាយហើយនៅត្បូង
