# khmer	style	output
សួស្តី	chat	suosdey
សួស្តី	ungegn	suŏsdei
សួស្តីបង	chat	suosdey bong
សួស្តីបង	ungegn	suŏsdei bâng
អរគុណ	chat	orkun
អរគុណ	ungegn	'ârkŭn
អរគុណបង	chat	orkun bong
អរគុណបង	ungegn	'ârkŭn bâng
អរគុណច្រើន	chat	orkun chraeun
អរគុណច្រើន	ungegn	'ârkŭn chraeun
សុខសប្បាយទេ	chat	soksabay te
សុខសប្បាយទេ	ungegn	sŏkhsâbbay té
សុខសប្បាយ	chat	soksabay
សុខសប្បាយ	ungegn	sŏkhsâbbay
សុខសប្បាយជាទេ	chat	soksabay chea te
សុខសប្បាយជាទេ	ungegn	sŏkhsâbbay chéa té
ខ្ញុំសុខសប្បាយ	chat	khnhom soksabay
ខ្ញុំសុខសប្បាយ	ungegn	khnhom sŏkhsâbbay
លាសិនហើយ	chat	lea sen haeuy
លាសិនហើយ	ungegn	léa sĕn haeuy
សុំទោស	chat	somtouh
សុំទោស	ungegn	somtoŭs
អត់អីទេ	chat	otey te
អត់អីទេ	ungegn	'át'ei té
ចាស	chat	chah
ចាស	ungegn	chas
បាទ	chat	bat
បាទ	ungegn	bat
អត់ទេ	chat	ot te
អត់ទេ	ungegn	'át té
ញ៉ាំបាយ	chat	nham bay
ញ៉ាំបាយ	ungegn	nhăm bay
ញ៉ាំបាយហើយនៅ	chat	nham bay haeuy nov
ញ៉ាំបាយហើយនៅ	ungegn	nhăm bay haeuy nŏu
ឃ្លានបាយ	chat	khlean bay
ឃ្លានបាយ	ungegn	khléan bay
ឆ្ងាញ់ណាស់	chat	chhnganh nah
ឆ្ងាញ់ណាស់	ungegn	chhngănh năs
ញ៉ាំអី	chat	nham ey
ញ៉ាំអី	ungegn	nhăm ei
ទៅញ៉ាំបាយ	chat	tov nham bay
ទៅញ៉ាំបាយ	ungegn	tŏu nhăm bay
ទឹក	chat	tek
ទឹក	ungegn	tœ̆k
កាហ្វេ	chat	kafe
កាហ្វេ	ungegn	kahvé
បាយឆា	chat	bay chha
បាយឆា	ungegn	bay chha
អត់មានទេ	chat	ot mean te
អត់មានទេ	ungegn	'át méan té
មានទេ	chat	mean te
មានទេ	ungegn	méan té
ខ្ញុំអត់ដឹងទេ	chat	khnhom ot dengte
ខ្ញុំអត់ដឹងទេ	ungegn	khnhom 'át dœ̆ngté
ចង់ទៅ	chat	chong tov
ចង់ទៅ	ungegn	cháng tŏu
ចង់ទៅណា	chat	chong tov na
ចង់ទៅណា	ungegn	cháng tŏu na
ទៅណា	chat	tov na
ទៅណា	ungegn	tŏu na
មកពីណា	chat	mokpi na
មកពីណា	ungegn	môkpi na
នៅណា	chat	nov na
នៅណា	ungegn	nŏu na
នៅផ្ទះ	chat	nov phteah
នៅផ្ទះ	ungegn	nŏu phteăh
ទៅសាលា	chat	tov sala
ទៅសាលា	ungegn	tŏu saléa
ទៅរៀន	chat	tov rien
ទៅរៀន	ungegn	tŏu riĕn
ធ្វើអី	chat	thveu ey
ធ្វើអី	ungegn	thveu ei
កំពុងធ្វើអី	chat	kompung thveu ey
កំពុងធ្វើអី	ungegn	kâmpŭng thveu ei
ធ្វើការ	chat	thveuka
ធ្វើការ	ungegn	thveukar
ចូលចិត្ត	chat	choulchet
ចូលចិត្ត	ungegn	cholchĕtt
ស្រឡាញ់អូន	chat	srolanh oun
ស្រឡាញ់អូន	ungegn	srâlănh on
បងស្រឡាញ់អូន	chat	bong srolanh oun
បងស្រឡាញ់អូន	ungegn	bâng srâlănh on
នឹកអូន	chat	nek oun
នឹកអូន	ungegn	nœ̆k on
នឹកបងណាស់	chat	nek bong nah
នឹកបងណាស់	ungegn	nœ̆k bâng năs
មិនដឹងទេ	chat	men dengte
មិនដឹងទេ	ungegn	mĭn dœ̆ngté
បានហើយ	chat	ban haeuy
បានហើយ	ungegn	ban haeuy
អត់បានទេ	chat	ot ban te
អត់បានទេ	ungegn	'át ban té
បានទេ	chat	ban te
បានទេ	ungegn	ban té
ចាំបន្តិច	chat	cham bontech
ចាំបន្តិច	ungegn	chăm bântĕch
មកលេង	chat	mok leng
មកលេង	ungegn	môk léng
ទៅលេង	chat	tov leng
ទៅលេង	ungegn	tŏu léng
ដឹងទេ	chat	dengte
ដឹងទេ	ungegn	dœ̆ngté
យល់ទេ	chat	yul te
យល់ទេ	ungegn	yól té
ខ្ញុំយល់ហើយ	chat	khnhom yul haeuy
ខ្ញុំយល់ហើយ	ungegn	khnhom yól haeuy
ជាមួយ	chat	cheamuoy
ជាមួយ	ungegn	chéamuŏy
ម្តងទៀត	chat	mdongtiet
ម្តងទៀត	ungegn	mdângtiĕt
ពេលណា	chat	pelna
ពេលណា	ungegn	pélna
ថ្ងៃនេះ	chat	thngaynih
ថ្ងៃនេះ	ungegn	thngainéh
ស្អែក	chat	saek
ស្អែក	ungegn	s'êk
ម្សិលមិញ	chat	mselmenh
ម្សិលមិញ	ungegn	msĭlmĭnh
យប់នេះ	chat	yup nih
យប់នេះ	ungegn	yób néh
ពេលព្រឹក	chat	pel prek
ពេលព្រឹក	ungegn	pél prœ̆k
អរុណសួស្តី	chat	arun suosdey
អរុណសួស្តី	ungegn	'ârŭn suŏsdei
រាត្រីសួស្តី	chat	reatrey suosdey
រាត្រីសួស្តី	ungegn	réatrei suŏsdei
កុំខឹង	chat	kom kheng
កុំខឹង	ungegn	kom khœ̆ng
កុំពិបាកចិត្ត	chat	kom pibak chet
កុំពិបាកចិត្ត	ungegn	kom pĭbak chĕtt
ពិបាកចិត្ត	chat	pibak chet
ពិបាកចិត្ត	ungegn	pĭbak chĕtt
សប្បាយចិត្ត	chat	sabay chet
សប្បាយចិត្ត	ungegn	sâbbay chĕtt
អត់អីទេបង	chat	otey te bong
អត់អីទេបង	ungegn	'át'ei té bâng
លុយ	chat	luy
លុយ	ungegn	lŭy
ប៉ុន្មាន	chat	ponman
ប៉ុន្មាន	ungegn	pŏnméan
ថ្លៃប៉ុន្មាន	chat	thlay ponman
ថ្លៃប៉ុន្មាន	ungegn	thlai pŏnméan
ថ្លៃណាស់	chat	thlay nah
ថ្លៃណាស់	ungegn	thlai năs
ថោក	chat	thaok
ថោក	ungegn	thaôk
កុំថ្លៃពេក	chat	kom thlay pek
កុំថ្លៃពេក	ungegn	kom thlai pék
ជិត	chat	chet
ជិត	ungegn	chĭt
ឆ្ងាយ	chat	chhngay
ឆ្ងាយ	ungegn	chhngay
ស្រុកខ្មែរ	chat	srok khmae
ស្រុកខ្មែរ	ungegn	srŏk khmêr
ភ្នំពេញ	chat	phnumpenh
ភ្នំពេញ	ungegn	phnumpénh
សៀមរាប	chat	siemreap
សៀមរាប	ungegn	siĕmréab
កម្ពុជា	chat	kampuchea
កម្ពុជា	ungegn	kâmpŭchéa
ខ្មែរ	chat	khmae
ខ្មែរ	ungegn	khmêr
ភាសាខ្មែរ	chat	pheasa khmae
ភាសាខ្មែរ	ungegn	phéasa khmêr
និយាយខ្មែរ	chat	niyeay khmae
និយាយខ្មែរ	ungegn	nĭyéay khmêr
ចេះនិយាយខ្មែរទេ	chat	cheh niyeay khmae te
ចេះនិយាយខ្មែរទេ	ungegn	chéh nĭyéay khmêr té
អត់ចេះទេ	chat	ot cheh te
អត់ចេះទេ	ungegn	'át chéh té
បងប្រុស	chat	bong proh
បងប្រុស	ungegn	bâng prŏs
បងស្រី	chat	bong srey
បងស្រី	ungegn	bâng srei
ប៉ាម៉ាក់	chat	pamak
ប៉ាម៉ាក់	ungegn	pamăk
ម៉ែ	chat	mae
ម៉ែ	ungegn	mê
ក្មេង	chat	kmeng
ក្មេង	ungegn	kméng
មិត្តភក្តិ	chat	metpheak
មិត្តភក្តិ	ungegn	mĭtdâphkdĕ
សង្សារ	chat	songsa
សង្សារ	ungegn	sângsar
ស្អាត	chat	sat
ស្អាត	ungegn	s'at
ស្រីស្អាត	chat	srey sat
ស្រីស្អាត	ungegn	srei s'at
ស្អាតណាស់	chat	sat nah
ស្អាតណាស់	ungegn	s'at năs
ល្អ	chat	lor
ល្អ	ungegn	l'â
ល្អណាស់	chat	lornah
ល្អណាស់	ungegn	l'ânăs
អត់ល្អទេ	chat	ot lor te
អត់ល្អទេ	ungegn	'át l'â té
ឆ្កួត	chat	chhkuot
ឆ្កួត	ungegn	chhkuŏt
ចុះឯង	chat	choh aeng
ចុះឯង	ungegn	chŏh êng
ឯង	chat	aeng
ឯង	ungegn	êng
គេ	chat	ke
គេ	ungegn	ké
យើង	chat	yeung
យើង	ungegn	yeung
អ្នក	chat	neak
អ្នក	ungegn	'nâk
លោក	chat	louk
លោក	ungegn	loŭk
អត់មានលុយទេ	chat	ot mean luy te
អត់មានលុយទេ	ungegn	'át méan lŭy té
ទៅផ្សារ	chat	tov phsa
ទៅផ្សារ	ungegn	tŏu phsar
ទិញ	chat	tenh
ទិញ	ungegn	tĭnh
លក់	chat	luok
លក់	ungegn	lók
ទិញអី	chat	tenh ey
ទិញអី	ungegn	tĭnh ei
អត់ទាន់	chat	ot toan
អត់ទាន់	ungegn	'át toăn
មកវិញ	chat	mok venh
មកវិញ	ungegn	môk vĭnh
ទៅផ្ទះ	chat	tov phteah
ទៅផ្ទះ	ungegn	tŏu phteăh
ចាំ	chat	cham
ចាំ	ungegn	chăm
អត់ចាំទេ	chat	ot cham te
អត់ចាំទេ	ungegn	'át chăm té
កុំភ្លេច	chat	kom phlech
កុំភ្លេច	ungegn	kom phléch
ឆ្នាំថ្មី	chat	chhnam thmey
ឆ្នាំថ្មី	ungegn	chhnăm thmei
សួស្តីឆ្នាំថ្មី	chat	suosdey chhnam thmey
សួស្តីឆ្នាំថ្មី	ungegn	suŏsdei chhnăm thmei
រៀនខ្មែរ	chat	rien khmae
រៀនខ្មែរ	ungegn	riĕn khmêr
ថ្ងៃស្អែក	chat	thngay saek
ថ្ងៃស្អែក	ungegn	thngai s'êk
មួយ	chat	muoy
មួយ	ungegn	muŏy
ពីរ	chat	pi
ពីរ	ungegn	pir
បី	chat	bey
បី	ungegn	bei
អត់មាន wifi ទេ	chat	ot mean wifi te
អត់មាន wifi ទេ	ungegn	'át méan wifi té
ok បង	chat	ok bong
ok បង	ungegn	ok bâng
សួស្តី! សុខសប្បាយទេ?	chat	suosdey! soksabay te?
សួស្តី! សុខសប្បាយទេ?	ungegn	suŏsdei! sŏkhsâbbay té?
ខ្ញុំស្រឡាញ់អូន។	chat	khnhom srolanh oun.
ខ្ញុំស្រឡាញ់អូន។	ungegn	khnhom srâlănh on.
ឆ្នាំ២០២៦	chat	chhnam 2026
ឆ្នាំ២០២៦	ungegn	chhnăm 2026
ផ្សេងៗ	chat	phseng phseng
ផ្សេងៗ	ungegn	phséng phséng
ខ្ញុំ love អូន	chat	khnhom love oun
ខ្ញុំ love អូន	ungegn	khnhom love on
ភ្នំពេញ​កម្ពុជា	chat	phnumpenh kampuchea
ភ្នំពេញ​កម្ពុជា	ungegn	phnumpénh kâmpŭchéa
ហ្ឫទ័យ ចក្រពត្តិ សុខសប្បាយទេ	chat	hruetey chakropotde soksabay te
ហ្ឫទ័យ ចក្រពត្តិ សុខសប្បាយទេ	ungegn	hrœ̆toăy châkrôpôtdĕ sŏkhsâbbay té
សួស្តី! អម្ឫត?	chat	suosdey! amruet?
សួស្តី! អម្ឫត?	ungegn	suŏsdei! 'âmrœ̆t?
ហ្ឫទ័យៗ	chat	hruetey hruetey
ហ្ឫទ័យៗ	ungegn	hrœ̆toăy hrœ̆toăy
ចក្រពត្តិៗ។	chat	chakropotde chakropotde.
ចក្រពត្តិៗ។	ungegn	châkrôpôtdĕ châkrôpôtdĕ.
ឆ្នាំ២០២៦ ចក្រពត្តិ	chat	chhnam 2026 chakropotde
ឆ្នាំ២០២៦ ចក្រពត្តិ	ungegn	chhnăm 2026 châkrôpôtdĕ
ព្រហ្មញ្ញសាសនា	chat	prohmonhnh sahsna
ព្រហ្មញ្ញសាសនា	ungegn	prôhmônhnh sasnéa
ខ្ញុំមើលយូធ្យូប	chat	khnhom meul yu thyub
ខ្ញុំមើលយូធ្យូប	ungegn	khnhom meul yu thyub
ប៉ាតៅ	chat	pa tau
ប៉ាតៅ	ungegn	pa tau
ពោធិ៍ ច័ក ពិះ	chat	pou chak pih
ពោធិ៍ ច័ក ពិះ	ungegn	poŭthĭ chăk pĭh
កន្ត្រាប់ ក្អែក ចង្អៀត ខ្ពង ប្លែង	chat	kantrab kaek changiet khpong plaeng
កន្ត្រាប់ ក្អែក ចង្អៀត ខ្ពង ប្លែង	ungegn	kântrăb k'êk châng'iĕt khpông plêng
ហ៊ាង ញ៉ង ប៉ង	chat	heang nhang pang
ហ៊ាង ញ៉ង ប៉ង	ungegn	héang nhâng pâng
វ័ង្គ ភ័ព្វ សុហ្ឫទ	chat	veangk phoapv sohruet
វ័ង្គ ភ័ព្វ សុហ្ឫទ	ungegn	veăngk phoăpv sŏhrœ̆t
សួស្តី៙ចក្រពត្តិ	chat	suosdeychakropotde
សួស្តី៙ចក្រពត្តិ	ungegn	suŏsdeichâkrôpôtdĕ
ok៍a	chat	oka
ok៍a	ungegn	ok â a
